SYSTOLIC_PRESSURE,DIASTOLIC_PRESSURE,HEART_RATE,BLOOD_VISCOSITY,EMOTION
142,91,83,0.401894383,STRESSED
,92,113,0.36419294,ANGRY
171,91,104,0.381117042,ANGRY
135,91,83,0.346678284,DEPRESSED
154,98,116,0.392838928,ANGRY
125,87,,0.394807446,SAD
127,88,88,0.398619017,STRESSED
130,90,83,0.344924793,DEPRESSED
175,98,112,0.353194276,ANGRY
157,92,102,0.361764446,ANGRY
130,88,77,0.390853434,SAD
163,99,98,0.397863955,ANGRY
118,83,63,0.339604954,HAPPY
131,94,77,0.305445751,DEPRESSED
116,84,66,0.323178817,HAPPY
150,88,89,0.409995257,STRESSED
133,82,83,0.376518125,SAD
180,90,107,0.383549822,ANGRY
141,86,83,0.336575123,DEPRESSED
116,83,65,0.337597564,HAPPY
126,79,68,0.326800539,HAPPY
118,83,76,0.323099486,HAPPY
139,88,77,0.379660681,SAD
127,87,83,0.38566702,SAD
172,98,96,0.367309126,ANGRY
161,94,115,0.377033349,ANGRY
171,99,99,0.391145761,ANGRY
150,95,82,0.340070947,DEPRESSED
152,90,109,0.383700152,ANGRY
131,86,74,0.380857068,SAD
124,90,74,,SAD
146,92,90,0.408144426,STRESSED
143,91,62,0.41149743,STRESSED
123,84,72,0.327208529,HAPPY
,80,60,0.333182541,HAPPY
115,80,70,0.33843337,HAPPY
118,81,65,0.338712414,HAPPY
129,79,63,0.32243862,HAPPY
147,94,76,0.395901969,STRESSED
162,93,100,0.373822269,ANGRY
160,92,96,0.352414074,ANGRY
166,90,63,0.408584145,STRESSED
148,85,83,0.343936509,DEPRESSED
167,93,118,0.392286273,ANGRY
133,95,86,0.404126325,STRESSED
116,79,72,0.336167681,HAPPY
123,88,81,0.375601148,SAD
121,84,78,0.379552323,SAD
121,88,84,0.380119649,SAD
148,90,83,0.405347747,STRESSED
153,85,77,0.348348082,DEPRESSED
142,88,78,0.328795661,DEPRESSED
158,92,77,0.305415777,DEPRESSED
149,88,78,0.307665909,DEPRESSED
159,99,,0.397288042,ANGRY
154,91,68,0.400544247,STRESSED
159,85,78,0.310084835,DEPRESSED
163,93,101,0.350291757,ANGRY
124,81,73,0.320947084,HAPPY
139,86,78,0.302397794,DEPRESSED
146,88,78,0.323985481,DEPRESSED
164,94,85,0.391180372,STRESSED
128,81,82,0.372007464,SAD
174,95,96,0.371196,ANGRY
118,84,68,0.331436901,HAPPY
139,89,66,0.398187604,STRESSED
140,85,77,0.308467495,DEPRESSED
169,91,116,0.392843565,ANGRY
131,88,60,0.398391728,STRESSED
154,91,81,0.310213492,DEPRESSED
137,90,72,0.402630135,STRESSED
122,83,74,0.39630511,SAD
129,83,70,0.33840477,HAPPY
168,,109,0.396945848,ANGRY
120,81,70,0.324958643,HAPPY
145,88,69,0.402800185,STRESSED
150,98,97,0.391035527,ANGRY
158,100,96,0.365279588,ANGRY
156,92,77,0.329908149,DEPRESSED
179,99,115,0.36056889,ANGRY
130,83,74,0.388201235,SAD
153,92,110,0.376316551,ANGRY
129,85,64,0.332589191,HAPPY
153,93,108,,ANGRY
129,84,72,0.331136516,HAPPY
,85,64,0.3258526,HAPPY
123,84,85,0.379211973,SAD
176,91,102,0.388253189,ANGRY
129,83,73,0.332091699,HAPPY
131,93,74,0.401399288,STRESSED
123,90,76,0.387331834,SAD
122,81,78,0.377024421,SAD
150,98,95,0.385006605,ANGRY
161,94,67,0.406807794,STRESSED
131,90,80,0.405685492,STRESSED
162,92,116,0.38248318,ANGRY
124,89,73,0.383619744,SAD
126,83,75,0.336233458,HAPPY
139,85,82,0.379899459,SAD
120,85,74,0.324945817,HAPPY
134,80,80,0.394005116,SAD
153,99,117,0.398460957,ANGRY
150,92,102,0.366324406,ANGRY
125,80,71,0.332694891,HAPPY
153,88,80,0.404338179,STRESSED
140,87,77,0.335640697,DEPRESSED
124,83,73,0.331445048,HAPPY
138,85,79,0.379331714,SAD
149,90,81,0.321620156,DEPRESSED
151,89,86,0.415510658,STRESSED
147,92,83,0.337044512,DEPRESSED
127,85,62,0.332274294,HAPPY
139,87,81,0.309142684,DEPRESSED
122,82,80,0.378402522,SAD
173,93,104,0.375394682,ANGRY
129,93,87,0.411916459,STRESSED
130,85,69,0.33579458,HAPPY
162,96,97,0.37083082,ANGRY
135,94,,0.395051215,STRESSED
132,,83,0.320491971,DEPRESSED
156,86,79,0.345484593,DEPRESSED
157,93,117,0.360523789,ANGRY
131,89,89,0.403623566,STRESSED
122,89,84,0.373253123,SAD
160,96,110,0.391718603,ANGRY
153,97,98,0.353689536,ANGRY
172,95,113,0.393768363,ANGRY
145,95,79,0.346783598,DEPRESSED
154,86,80,0.340614492,DEPRESSED
129,92,90,0.416023809,STRESSED
,88,83,0.309123902,DEPRESSED
124,79,65,0.337714735,HAPPY
167,97,112,0.374480085,ANGRY
153,91,61,0.402494068,STRESSED
130,92,77,0.339578176,DEPRESSED
159,87,80,0.307965461,DEPRESSED
115,81,73,0.333084421,HAPPY
148,87,82,0.344866969,DEPRESSED
159,91,64,0.402429214,STRESSED
131,92,90,0.414039443,STRESSED
123,83,64,0.337984975,HAPPY
156,100,116,0.377715056,ANGRY
140,88,82,0.392890418,SAD
129,84,85,0.374622444,SAD
118,83,76,0.339425409,HAPPY
123,80,66,0.324142041,HAPPY
157,88,80,0.340594071,DEPRESSED
132,85,80,0.324841491,DEPRESSED
161,89,74,0.396699234,STRESSED
125,81,79,0.374117853,SAD
179,97,96,0.37375427,ANGRY
151,92,79,0.341529666,DEPRESSED
138,92,82,0.311206295,DEPRESSED
124,79,67,0.329722064,HAPPY
171,97,120,0.390995632,ANGRY
134,95,68,0.407110985,STRESSED
161,95,102,0.377575744,ANGRY
133,92,77,0.327030617,DEPRESSED
157,96,100,0.37540576,ANGRY
146,88,77,0.3346061,DEPRESSED
169,91,71,0.405065856,STRESSED
119,83,63,0.338643503,HAPPY
123,85,84,0.385648059,SAD
134,89,82,,DEPRESSED
133,92,82,0.339889382,DEPRESSED
158,91,79,0.328033144,DEPRESSED
162,93,67,0.40527247,STRESSED
165,89,89,0.393237946,STRESSED
130,88,79,0.311021858,DEPRESSED
120,83,79,0.375626286,SAD
152,92,87,0.390373283,STRESSED
119,82,71,0.332934505,HAPPY
156,89,83,0.321938506,DEPRESSED
120,81,60,0.326711202,HAPPY
160,91,115,0.372213138,ANGRY
174,92,95,0.366638516,ANGRY
146,93,77,0.314254147,DEPRESSED
150,91,105,0.387454356,ANGRY
147,94,,0.326479246,DEPRESSED
143,88,83,0.300184604,DEPRESSED
136,88,80,0.321998765,DEPRESSED
128,90,71,0.381347734,SAD
169,95,77,0.417914395,STRESSED
126,91,77,0.417718957,STRESSED
123,,77,0.39402466,SAD
130,82,74,0.387535658,SAD
126,78,64,0.331014227,HAPPY
159,92,79,0.406194131,STRESSED
145,87,80,0.320924538,DEPRESSED
129,83,64,0.336226564,HAPPY
123,85,73,0.329029216,HAPPY
120,85,64,0.3218967,HAPPY
165,92,95,0.37409612,ANGRY
,86,81,0.306752853,DEPRESSED
134,81,78,0.378126187,SAD
149,87,80,0.343945451,DEPRESSED
120,82,76,0.324361161,HAPPY
175,98,103,0.359307406,ANGRY
129,81,70,0.329357856,HAPPY
174,95,100,0.355159345,ANGRY
175,99,96,0.372589444,ANGRY
128,81,61,0.336927533,HAPPY
160,95,66,0.411038368,STRESSED
117,84,62,0.324883579,HAPPY
153,94,85,0.409811233,STRESSED
133,80,76,0.395821801,SAD
122,90,84,0.375620059,SAD
120,88,81,0.381151189,SAD
159,96,114,0.351164088,ANGRY
178,99,107,0.390876527,ANGRY
145,90,83,0.327748577,DEPRESSED
121,88,76,0.371718957,SAD
130,85,74,0.338274791,HAPPY
157,92,81,0.415903762,STRESSED
163,97,101,0.350937515,ANGRY
131,86,81,0.393229503,SAD
167,95,81,0.411130764,STRESSED
146,89,82,0.333850301,DEPRESSED
122,86,75,0.376603233,SAD
136,85,76,0.383608936,SAD
120,84,79,0.398579176,SAD
127,91,76,0.406905539,STRESSED
118,79,65,0.328444532,HAPPY
146,91,82,0.405659395,STRESSED
178,92,104,0.389272291,ANGRY
165,90,81,0.40821165,STRESSED
128,84,78,0.390457696,SAD
140,93,86,0.402261655,STRESSED
123,81,60,0.335454946,HAPPY
166,90,115,0.379577492,ANGRY
119,83,67,0.333481139,HAPPY
121,82,61,0.330474041,HAPPY
151,95,104,0.373236265,ANGRY
154,99,117,0.3742566,ANGRY
146,92,70,0.411758591,STRESSED
144,94,63,0.390346502,STRESSED
167,,73,0.410571038,STRESSED
,91,82,0.414945962,STRESSED
115,84,68,0.337120699,HAPPY
130,82,81,0.385482612,SAD
175,100,100,0.360236477,ANGRY
150,95,76,0.417415421,STRESSED
123,82,85,0.382243565,SAD
148,89,86,0.402667001,STRESSED
131,88,80,0.309018295,DEPRESSED
168,92,78,0.402041141,STRESSED
145,91,90,0.392959307,STRESSED
128,83,73,0.332422877,HAPPY
179,96,109,0.377966524,ANGRY
137,86,80,0.376570023,SAD
133,91,89,0.404370861,STRESSED
160,85,82,0.313652873,DEPRESSED
127,84,67,0.324638506,HAPPY
118,82,73,0.321517688,HAPPY
179,93,98,0.35659634,ANGRY
169,90,117,0.371334588,ANGRY
131,94,85,0.396335398,STRESSED
180,97,108,0.392825639,ANGRY
159,90,83,0.32607087,DEPRESSED
179,96,99,0.374987011,ANGRY
140,91,79,0.312645062,DEPRESSED
133,88,79,0.41185144,STRESSED
133,87,79,0.319523129,DEPRESSED
146,90,83,0.393887166,STRESSED
,86,79,0.396856394,SAD
158,93,83,0.399953446,STRESSED
133,95,65,0.414384987,STRESSED
150,98,95,0.379636711,ANGRY
135,92,67,0.417716924,STRESSED
155,89,78,0.404923341,STRESSED
144,88,88,0.392803736,STRESSED
131,82,70,0.398407638,SAD
157,95,87,0.416704115,STRESSED
147,91,89,,STRESSED
134,84,72,0.394404866,SAD
150,85,81,0.312143953,DEPRESSED
126,87,77,0.376136337,SAD
159,86,81,0.311606206,DEPRESSED
123,89,70,0.397247791,SAD
127,84,76,0.385985223,SAD
131,94,69,0.405239462,STRESSED
168,93,114,0.373412697,ANGRY
134,92,68,0.412439812,STRESSED
174,100,,0.354744531,ANGRY
136,88,75,0.372818941,SAD
142,93,71,0.402430217,STRESSED
136,82,78,0.39611803,SAD
123,87,77,0.378635768,SAD
136,86,82,0.38699839,SAD
151,99,100,0.372907457,ANGRY
125,78,63,0.325104461,HAPPY
166,90,107,0.355680116,ANGRY
179,90,96,0.352751045,ANGRY
134,82,73,0.373294055,SAD
164,98,111,0.376176105,ANGRY
159,85,78,0.333988987,DEPRESSED
147,89,83,0.310397248,DEPRESSED
148,94,80,0.339663589,DEPRESSED
172,90,119,0.351401039,ANGRY
134,91,82,0.309269818,DEPRESSED
130,90,74,0.405642529,STRESSED
144,93,82,0.39054197,STRESSED
143,94,81,0.334393165,DEPRESSED
174,91,107,0.370799686,ANGRY
167,98,118,0.388530206,ANGRY
147,94,89,0.416397714,STRESSED
137,90,79,0.343298809,DEPRESSED
141,86,81,0.316922869,DEPRESSED
143,90,87,0.401075626,STRESSED
124,80,63,0.326655652,HAPPY
154,92,99,0.373159981,ANGRY
138,95,80,0.321770493,DEPRESSED
165,100,103,0.350384924,ANGRY
121,83,79,0.388227963,SAD
158,92,116,0.350030761,ANGRY
130,80,74,0.335503176,HAPPY
122,81,62,0.338354706,HAPPY
180,,107,0.363367522,ANGRY
126,82,79,0.37358611,SAD
135,89,74,0.391621973,STRESSED
,92,118,0.355212995,ANGRY
140,91,81,0.301523053,DEPRESSED
138,88,79,0.302370845,DEPRESSED
123,83,60,0.325900025,HAPPY
141,91,81,0.321541123,DEPRESSED
151,92,101,0.372689776,ANGRY
127,91,72,0.396266599,STRESSED
159,88,69,0.396091814,STRESSED
127,83,74,0.326780792,HAPPY
166,98,112,0.357114098,ANGRY
180,90,98,0.350934718,ANGRY
150,95,77,0.331658917,DEPRESSED
165,100,109,0.356539617,ANGRY
156,90,77,0.309406673,DEPRESSED
118,84,63,0.338368009,HAPPY
173,97,103,0.352815206,ANGRY
170,94,64,0.392833986,STRESSED
165,93,79,0.409135651,STRESSED
164,97,107,0.398307505,ANGRY
152,89,66,0.416919923,STRESSED
151,88,81,0.305233178,DEPRESSED
125,80,,0.322785141,HAPPY
126,83,84,0.385476435,SAD
135,95,70,0.393487467,STRESSED
148,88,81,0.306364005,DEPRESSED
118,79,73,0.32687754,HAPPY
116,84,64,0.339586778,HAPPY
161,98,119,0.35217213,ANGRY
127,84,63,0.338474885,HAPPY
133,91,74,0.418709511,STRESSED
138,91,82,0.342308231,DEPRESSED
155,94,79,0.340818928,DEPRESSED
129,89,90,0.418147573,STRESSED
140,92,65,0.418266953,STRESSED
124,,66,0.327331575,HAPPY
169,100,103,0.383252726,ANGRY
132,84,75,0.378820625,SAD
161,90,69,0.404522496,STRESSED
,89,77,0.302925481,DEPRESSED
144,94,68,0.390715883,STRESSED
131,81,83,0.392414989,SAD
150,92,70,0.414230617,STRESSED
122,81,70,0.377688611,SAD
166,98,110,0.375017283,ANGRY
160,94,84,0.407210066,STRESSED
154,93,83,0.315565286,DEPRESSED
150,98,102,0.391290014,ANGRY
137,89,78,0.386550165,SAD
130,91,62,0.410121357,STRESSED
115,80,69,0.3363591,HAPPY
179,93,113,0.388055669,ANGRY
168,94,99,0.382918926,ANGRY
130,83,61,0.32667163,HAPPY
137,89,75,0.380285559,SAD
130,79,62,0.327033421,HAPPY
119,84,65,0.324384472,HAPPY
139,83,79,0.393093149,SAD
117,85,74,0.336256159,HAPPY
129,86,80,0.374846266,SAD
122,82,72,0.393987442,SAD
157,88,90,0.394087032,STRESSED
153,91,104,0.375244599,ANGRY
125,80,68,0.335337879,HAPPY
115,85,61,0.333647392,HAPPY
158,88,82,0.331568395,DEPRESSED
122,84,83,,SAD
150,92,83,0.348119225,DEPRESSED
121,83,72,0.378173621,SAD
125,84,76,0.337319743,HAPPY
166,93,105,0.39074065,ANGRY
130,91,89,0.410593215,STRESSED
122,86,77,0.371726928,SAD
157,94,73,0.41169121,STRESSED
148,93,82,0.319530205,DEPRESSED
166,91,99,0.390166001,ANGRY
163,95,103,0.354640005,ANGRY
147,86,79,0.337267005,DEPRESSED
147,87,77,0.300493889,DEPRESSED
,84,62,0.326668904,HAPPY
128,85,70,0.394795567,SAD
144,89,69,0.415561914,STRESSED
129,81,75,0.375889999,SAD
143,94,80,0.344666456,DEPRESSED
154,93,80,0.326489539,DEPRESSED
144,91,67,0.404929586,STRESSED
180,90,104,0.354820207,ANGRY
128,,70,0.373822251,SAD
177,98,106,0.386306756,ANGRY
126,87,84,0.391488661,SAD
130,93,81,0.302103576,DEPRESSED
126,90,85,0.405829349,STRESSED
124,80,83,0.395652362,SAD
177,97,95,0.385982662,ANGRY
121,83,74,0.337402351,HAPPY
164,90,96,0.362794443,ANGRY
154,93,71,0.402094882,STRESSED
132,88,84,0.398368031,SAD
123,80,66,0.322458571,HAPPY
138,80,83,0.372986221,SAD
171,97,111,0.356597533,ANGRY
116,85,60,0.324642444,HAPPY
129,92,68,0.41508454,STRESSED
144,87,77,0.300625539,DEPRESSED
139,85,77,0.330560775,DEPRESSED
155,90,66,0.397655017,STRESSED
124,81,79,0.376384282,SAD
119,84,64,0.337227224,HAPPY
137,89,74,0.383461811,SAD
174,91,102,0.395327935,ANGRY
126,87,,0.396956571,SAD
151,99,100,0.390230601,ANGRY
120,83,74,0.398981223,SAD
140,95,81,0.322617927,DEPRESSED
134,91,76,0.407925,STRESSED
125,82,69,0.339683216,HAPPY
135,85,81,0.340996185,DEPRESSED
118,80,61,0.322677538,HAPPY
136,94,79,0.328668196,DEPRESSED
137,81,81,0.38000439,SAD
175,91,100,0.387719864,ANGRY
123,78,76,0.320980979,HAPPY
139,81,84,0.383829777,SAD
132,85,83,0.329236069,DEPRESSED
126,88,73,0.413540909,STRESSED
177,96,111,0.364158263,ANGRY
142,85,82,0.339532607,DEPRESSED
156,96,117,0.38492911,ANGRY
153,92,64,0.408132171,STRESSED
177,96,108,0.377461471,ANGRY
118,79,74,0.322118291,HAPPY
170,92,105,0.390751563,ANGRY
131,94,78,0.30346691,DEPRESSED
,83,67,0.322049682,HAPPY
126,89,69,0.399561813,STRESSED
120,85,69,0.33426206,HAPPY
130,78,65,0.337676995,HAPPY
129,92,61,0.41401494,STRESSED
121,78,68,0.322501078,HAPPY
139,92,82,0.323759957,DEPRESSED
129,80,85,0.395031211,SAD
160,88,65,0.391814268,STRESSED
115,82,71,0.338786037,HAPPY
133,94,83,0.332421396,DEPRESSED
144,93,79,0.332979359,DEPRESSED
171,96,95,0.385701518,ANGRY
148,95,81,0.325604836,DEPRESSED
124,79,62,0.338670215,HAPPY
177,92,97,0.361546936,ANGRY
167,91,69,0.419433789,STRESSED
139,80,82,0.371405143,SAD
156,94,105,0.354052189,ANGRY
117,79,70,0.321057096,HAPPY
117,85,60,0.332153468,HAPPY
122,81,66,0.326398812,HAPPY
128,84,69,0.335108901,HAPPY
146,88,77,0.323147313,DEPRESSED
171,100,118,0.359350554,ANGRY
158,,,0.375272368,ANGRY
144,89,78,0.309783846,DEPRESSED
141,91,81,0.405590167,STRESSED
122,80,74,0.397666347,SAD
121,83,71,0.329088975,HAPPY
120,79,66,0.337055103,HAPPY
118,84,63,0.325244499,HAPPY
134,91,81,0.341676355,DEPRESSED
151,94,119,0.387757905,ANGRY
124,82,76,0.338413128,HAPPY
140,91,81,0.309831367,DEPRESSED
165,95,120,0.364371251,ANGRY
139,84,80,0.384895326,SAD
176,97,99,0.381636199,ANGRY
120,82,66,0.329198813,HAPPY
142,88,78,0.325173836,DEPRESSED
179,92,102,0.358074949,ANGRY
123,88,79,0.389984104,SAD
,95,89,0.400001228,STRESSED
137,86,78,0.371053221,SAD
174,95,113,0.368360874,ANGRY
149,85,83,0.328143937,DEPRESSED
139,94,77,0.303413591,DEPRESSED
130,81,75,0.325757362,HAPPY
136,86,82,0.329846556,DEPRESSED
138,82,81,0.399413832,SAD
130,81,70,0.337885523,HAPPY
161,92,116,0.364270629,ANGRY
122,90,79,0.383337187,SAD
134,86,78,0.374853899,SAD
145,90,78,0.321701881,DEPRESSED
158,92,112,0.373713922,ANGRY
123,80,76,0.377197517,SAD
138,90,81,0.328038189,DEPRESSED
129,81,69,0.330035895,HAPPY
168,94,72,0.418806577,STRESSED
159,86,81,0.304634883,DEPRESSED
169,90,74,0.409187902,STRESSED
122,80,69,0.32254407,HAPPY
123,82,72,0.337424102,HAPPY
157,94,116,0.383418015,ANGRY
130,88,84,0.370056321,SAD
115,79,76,0.326765947,HAPPY
152,91,78,0.408858927,STRESSED
135,92,71,0.415952396,STRESSED
139,91,78,0.319434547,DEPRESSED
154,87,79,0.330522009,DEPRESSED
115,81,65,0.320929014,HAPPY
135,87,83,0.340225096,DEPRESSED
171,90,101,0.36514219,ANGRY
132,89,78,,SAD
129,81,67,0.328826731,HAPPY
121,89,79,0.384871653,SAD
139,89,85,0.385954824,SAD
133,91,79,0.312887467,DEPRESSED
122,85,,0.392686974,SAD
128,89,71,0.377971532,SAD
144,85,77,0.311159087,DEPRESSED
124,83,73,0.399687362,SAD
137,81,77,0.39418589,SAD
121,82,73,0.338182021,HAPPY
120,81,70,0.381563338,SAD
156,94,77,0.329042854,DEPRESSED
129,88,61,0.392020264,STRESSED
140,94,81,0.302546501,DEPRESSED
128,80,72,0.325965704,HAPPY
151,95,118,0.363227412,ANGRY
122,81,84,0.372714774,SAD
153,92,77,0.300786713,DEPRESSED
149,86,77,0.347027985,DEPRESSED
126,81,67,0.333218545,HAPPY
137,89,79,0.384896207,SAD
150,94,100,0.394569839,ANGRY
129,80,70,0.377837566,SAD
166,,82,0.405437913,STRESSED
157,88,73,0.407955382,STRESSED
132,88,78,0.39050836,SAD
126,89,84,0.400757102,STRESSED
142,95,83,0.304455388,DEPRESSED
134,89,85,0.371194406,SAD
138,90,72,0.394073729,STRESSED
178,91,99,0.380990567,ANGRY
127,83,69,0.328077551,HAPPY
140,80,72,0.391174127,SAD
150,94,77,0.413394209,STRESSED
128,85,82,0.371701213,SAD
124,89,77,0.398364994,SAD
128,95,82,0.413563399,STRESSED
126,87,70,0.372872701,SAD
158,86,78,0.340334789,DEPRESSED
157,90,116,0.395837412,ANGRY
117,82,66,0.3233339,HAPPY
120,81,73,0.323271263,HAPPY
160,94,79,0.300910191,DEPRESSED
118,82,68,0.326061214,HAPPY
139,86,81,0.390013547,SAD
162,97,98,0.387762364,ANGRY
170,90,120,0.383205774,ANGRY
118,78,62,0.331836823,HAPPY
141,87,81,0.305164672,DEPRESSED
139,83,82,0.378208541,SAD
138,95,60,0.419772324,STRESSED
157,94,77,0.415655983,STRESSED
133,84,75,0.394908417,SAD
129,87,70,0.386764692,SAD
134,85,72,0.380258315,SAD
137,83,75,0.399723984,SAD
129,94,67,0.40342985,STRESSED
121,88,85,0.373780084,SAD
139,89,78,0.300614088,DEPRESSED
156,92,78,0.406119629,STRESSED
137,88,84,0.377958661,SAD
135,94,,0.319658138,DEPRESSED
128,83,70,0.336422574,HAPPY
,94,90,0.41627373,STRESSED
125,90,70,0.398233634,SAD
132,90,78,0.398441748,SAD
150,98,110,0.352162308,ANGRY
118,78,66,0.330823607,HAPPY
157,92,104,0.390175252,ANGRY
121,85,71,0.380339369,SAD
122,89,85,0.395637823,SAD
154,95,108,0.371821838,ANGRY
158,88,77,0.321597978,DEPRESSED
144,95,65,0.414559159,STRESSED
133,93,63,0.419319985,STRESSED
139,86,77,0.31211935,DEPRESSED
119,84,65,0.33744485,HAPPY
156,96,112,0.396743309,ANGRY
149,85,83,0.338369944,DEPRESSED
117,80,66,0.338899883,HAPPY
119,79,74,0.323085776,HAPPY
169,92,69,0.411998859,STRESSED
118,84,61,0.330986925,HAPPY
115,84,66,0.320049021,HAPPY
151,89,80,0.305137993,DEPRESSED
126,90,80,0.377293506,SAD
128,80,70,0.334046515,HAPPY
141,90,71,0.391715195,STRESSED
151,98,103,0.396437577,ANGRY
152,98,114,0.37458142,ANGRY
116,80,68,0.332451661,HAPPY
160,91,79,0.346114692,DEPRESSED
131,88,66,0.393463017,STRESSED
119,78,67,0.339623982,HAPPY
173,95,112,0.37338662,ANGRY
123,89,73,0.371892211,SAD
177,92,96,0.398618945,ANGRY
176,91,105,0.384340852,ANGRY
137,91,69,0.41967913,STRESSED
166,90,101,0.3640103,ANGRY
125,81,68,0.326815826,HAPPY
160,95,104,0.353999462,ANGRY
127,82,74,0.325728968,HAPPY
153,90,81,0.338435712,DEPRESSED
123,79,70,0.320236897,HAPPY
160,95,108,0.391320203,ANGRY
141,90,77,0.322469738,DEPRESSED
120,84,73,0.387090062,SAD
152,90,82,0.398270927,STRESSED
126,80,66,0.328485411,HAPPY
120,82,66,0.322274012,HAPPY
150,93,109,0.36681258,ANGRY
155,94,76,0.405536953,STRESSED
154,98,97,0.374699138,ANGRY
123,79,61,0.339790756,HAPPY
123,82,,0.372234481,SAD
116,81,66,0.335081509,HAPPY
,90,81,0.326028355,DEPRESSED
152,95,81,0.30629683,DEPRESSED
136,89,73,0.391623812,SAD
155,93,98,0.362044806,ANGRY
162,97,105,0.386697942,ANGRY
125,,62,0.334988007,HAPPY
147,92,79,0.344845321,DEPRESSED
144,91,77,0.32778157,DEPRESSED
175,99,99,,ANGRY
166,94,88,0.406685586,STRESSED
149,88,85,0.395446839,STRESSED
138,94,78,0.30043289,DEPRESSED
132,88,80,0.336556786,DEPRESSED
156,90,78,0.301680801,DEPRESSED
141,91,81,0.405645926,STRESSED
161,89,78,0.400584777,STRESSED
127,83,82,0.381382947,SAD
120,81,68,0.334621238,HAPPY
163,91,71,0.410170377,STRESSED
162,96,111,0.38955054,ANGRY
172,92,116,0.396270666,ANGRY
149,87,80,0.323405417,DEPRESSED
130,83,84,0.382183074,SAD
118,78,71,0.336601586,HAPPY
168,93,104,0.387617419,ANGRY
161,97,103,0.361541265,ANGRY
169,95,111,0.381271652,ANGRY
132,92,84,0.401800799,STRESSED
128,79,67,0.324458895,HAPPY
170,96,102,0.386538421,ANGRY
118,78,72,0.324638592,HAPPY
150,93,115,0.375672538,ANGRY
153,89,78,0.303186875,DEPRESSED
119,83,75,0.335610775,HAPPY
126,87,71,0.371229899,SAD
134,89,80,0.393149119,STRESSED
157,90,103,0.380682046,ANGRY
162,92,103,0.3943681,ANGRY
162,91,104,0.357279829,ANGRY
117,78,63,0.328723402,HAPPY
160,86,79,0.347815791,DEPRESSED
148,93,83,0.311425123,DEPRESSED
133,85,78,0.379979865,SAD
137,90,75,0.384369972,SAD
155,90,115,0.377388392,ANGRY
159,91,85,0.396840408,STRESSED
140,88,71,0.417857706,STRESSED
155,97,98,0.381734246,ANGRY
166,96,118,0.365735795,ANGRY
138,83,72,0.380597661,SAD
162,91,85,0.407173125,STRESSED
128,88,79,0.382463235,SAD
115,80,61,0.330028549,HAPPY
151,93,118,0.367271178,ANGRY
135,89,77,0.327415769,DEPRESSED
177,99,112,0.361609028,ANGRY
138,90,76,0.377951163,SAD
133,90,74,0.396637383,SAD
177,94,118,0.353517289,ANGRY
131,92,83,0.328810692,DEPRESSED
167,90,73,0.417273434,STRESSED
142,95,,0.311407194,DEPRESSED
129,86,78,0.394395936,SAD
145,90,72,0.398327523,STRESSED
158,91,120,0.396021509,ANGRY
128,80,63,0.33130157,HAPPY
158,91,112,0.373893067,ANGRY
149,90,82,0.332052183,DEPRESSED
160,92,62,0.413451853,STRESSED
115,82,62,0.332294517,HAPPY
141,,81,0.392618293,STRESSED
144,91,67,0.41309548,STRESSED
162,95,119,0.354160398,ANGRY
134,85,77,0.314189584,DEPRESSED
131,86,71,0.384752073,SAD
136,86,80,0.309595535,DEPRESSED
129,84,68,0.333871751,HAPPY
120,78,70,0.331592183,HAPPY
125,82,70,0.325666684,HAPPY
130,88,70,0.393817994,SAD
120,83,74,0.333683671,HAPPY
163,94,95,0.373454418,ANGRY
169,90,106,0.364162898,ANGRY
122,81,61,0.325026942,HAPPY
129,81,65,0.325191475,HAPPY
133,90,64,0.395899358,STRESSED
151,91,79,0.304059493,DEPRESSED
147,91,79,0.30520377,DEPRESSED
137,90,85,0.394515655,STRESSED
132,90,75,0.417208333,STRESSED
159,98,105,0.357675071,ANGRY
152,88,86,0.398027865,STRESSED
152,91,78,0.307309732,DEPRESSED
134,85,80,0.320848542,DEPRESSED
144,89,86,0.402092455,STRESSED
118,81,69,0.338078067,HAPPY
130,84,67,0.332113268,HAPPY
154,89,77,0.332125897,DEPRESSED
117,80,62,0.338231617,HAPPY
135,81,82,0.392850629,SAD
130,90,78,0.313081852,DEPRESSED
134,91,83,0.339336757,DEPRESSED
,81,76,0.326561442,HAPPY
126,89,85,,STRESSED
118,81,68,0.335675705,HAPPY
116,85,75,0.339714254,HAPPY
126,85,61,0.330697545,HAPPY
135,91,78,0.333612683,DEPRESSED
152,92,70,0.403970041,STRESSED
151,91,99,0.366242254,ANGRY
146,93,80,0.323228954,DEPRESSED
134,87,78,0.310523444,DEPRESSED
145,89,80,0.313241359,DEPRESSED
129,85,78,0.376333311,SAD
158,94,77,0.323475323,DEPRESSED
129,84,63,0.323429944,HAPPY
125,86,85,0.39913484,SAD
137,91,82,0.340397592,DEPRESSED
178,92,117,0.362894735,ANGRY
123,88,72,0.378276331,SAD
157,,78,0.329044405,DEPRESSED
133,93,83,0.416221631,STRESSED
143,91,83,0.30674851,DEPRESSED
125,95,63,0.411363145,STRESSED
169,99,116,0.389737235,ANGRY
160,97,118,0.35034768,ANGRY
124,79,61,0.330855529,HAPPY
138,85,78,0.335289661,DEPRESSED
121,83,74,0.380164694,SAD
129,82,71,0.378760897,SAD
116,81,71,0.331087874,HAPPY
169,94,120,0.379135021,ANGRY
175,94,95,0.362868894,ANGRY
127,79,70,0.33040692,HAPPY
115,79,72,0.328424287,HAPPY
125,89,83,0.393239704,SAD
130,83,74,0.322874946,HAPPY
124,78,60,0.336283282,HAPPY
128,88,70,0.373112985,SAD
170,100,98,0.370917921,ANGRY
134,95,77,0.319330262,DEPRESSED
170,94,112,0.351041927,ANGRY
151,92,97,0.368863148,ANGRY
126,94,61,0.412150456,STRESSED
153,95,,0.393972209,STRESSED
128,88,69,0.407395526,STRESSED
150,88,78,0.315557452,DEPRESSED
122,85,81,0.38288945,SAD
126,82,73,0.334358711,HAPPY
136,87,79,0.324273969,DEPRESSED
176,90,116,0.364962753,ANGRY
120,81,77,0.391843811,SAD
171,100,114,0.379827917,ANGRY
136,93,83,0.321633822,DEPRESSED
178,92,100,0.366181701,ANGRY
158,93,90,0.399127303,STRESSED
142,91,76,0.405323921,STRESSED
131,87,77,0.312960144,DEPRESSED
139,87,81,0.307464859,DEPRESSED
137,92,77,0.320170997,DEPRESSED
131,92,70,0.400766738,STRESSED
150,100,114,0.383481044,ANGRY
142,88,80,0.310124104,DEPRESSED
147,95,79,0.394918772,STRESSED
138,80,78,0.397326058,SAD
145,93,81,0.308529964,DEPRESSED
125,84,73,0.323257511,HAPPY
141,87,81,0.316734485,DEPRESSED
174,98,97,0.356773649,ANGRY
122,83,69,0.324655117,HAPPY
132,88,74,0.383573887,SAD
132,89,79,0.333036421,DEPRESSED
148,95,72,0.417835501,STRESSED
151,87,82,0.317103948,DEPRESSED
116,78,63,0.331610384,HAPPY
158,86,83,0.30609605,DEPRESSED
117,82,74,0.335661206,HAPPY
117,83,65,0.324225171,HAPPY
157,87,82,0.320333249,DEPRESSED
167,100,106,0.359355072,ANGRY
147,93,78,0.315707662,DEPRESSED
144,85,81,0.315698703,DEPRESSED
121,84,83,0.398674432,SAD
135,93,87,0.401911107,STRESSED
155,95,117,0.38748509,ANGRY
177,96,109,0.366215992,ANGRY
118,82,70,0.321923694,HAPPY
138,89,77,0.382362654,SAD
148,92,73,0.39943729,STRESSED
143,88,78,0.316842315,DEPRESSED
115,83,73,0.325145958,HAPPY
126,78,72,0.338634702,HAPPY
161,90,71,,STRESSED
126,78,60,0.325647706,HAPPY
135,89,74,0.375315995,SAD
115,78,66,0.327798099,HAPPY
142,95,76,0.409235031,STRESSED
140,,77,0.393781119,SAD
126,82,62,0.325960779,HAPPY
129,81,62,0.330003866,HAPPY
156,98,118,0.386311069,ANGRY
125,84,77,0.37694804,SAD
146,95,74,0.407931426,STRESSED
140,94,79,0.314006715,DEPRESSED
155,94,99,0.392764488,ANGRY
155,93,101,0.379978366,ANGRY
126,79,75,0.321958267,HAPPY
125,85,68,0.326576792,HAPPY
116,80,69,0.321237854,HAPPY
118,85,75,0.331080662,HAPPY
146,92,71,0.397451372,STRESSED
136,92,78,0.309437573,DEPRESSED
152,98,108,0.377570504,ANGRY
122,81,81,0.383016037,SAD
122,83,75,0.399432254,SAD
124,83,65,0.328278664,HAPPY
168,90,,0.396763498,STRESSED
155,98,95,0.35471203,ANGRY
119,81,60,0.333900534,HAPPY
,93,75,0.401776118,STRESSED
125,83,60,0.338971721,HAPPY
146,87,81,0.341702382,DEPRESSED
138,90,65,0.406020401,STRESSED
154,92,81,0.347445595,DEPRESSED
150,89,77,0.344292708,DEPRESSED
126,85,68,0.323308675,HAPPY
132,95,63,0.39620804,STRESSED
139,80,76,0.39528959,SAD
136,86,79,0.382678889,SAD
154,89,79,0.331518465,DEPRESSED
161,93,85,0.399020341,STRESSED
130,91,87,0.392195711,STRESSED
179,94,117,0.365845768,ANGRY
136,85,81,0.312561214,DEPRESSED
151,92,80,0.302734771,DEPRESSED
122,83,69,0.326089839,HAPPY
132,90,66,0.402432927,STRESSED
131,87,74,0.399419777,SAD
156,85,81,0.301320634,DEPRESSED
139,94,81,0.304325361,DEPRESSED
135,92,67,0.390507777,STRESSED
130,81,74,0.335764256,HAPPY
179,97,96,0.394047954,ANGRY
157,92,102,0.372616898,ANGRY
156,91,88,0.394879318,STRESSED
132,95,78,0.413916673,STRESSED
124,84,85,0.399615073,SAD
125,78,68,0.330226712,HAPPY
135,93,79,0.309707469,DEPRESSED
151,96,108,0.376216977,ANGRY
170,94,97,0.356630869,ANGRY
115,84,66,0.334734299,HAPPY
129,89,83,0.398170342,SAD
129,,60,0.338445286,HAPPY
117,79,67,0.327939961,HAPPY
135,89,89,0.40366259,STRESSED
155,90,98,0.392846194,ANGRY
168,90,66,0.405124838,STRESSED
125,95,82,0.415894332,STRESSED
115,83,74,0.323410235,HAPPY
130,86,80,,SAD
161,91,74,0.406322141,STRESSED
154,85,82,0.339576971,DEPRESSED
146,88,79,0.323183764,DEPRESSED
127,85,76,0.337360312,HAPPY
117,82,67,0.336037246,HAPPY
173,90,110,0.378705159,ANGRY
140,87,82,0.380433888,SAD
124,84,71,0.339930777,HAPPY
158,93,108,0.375219125,ANGRY
134,82,79,0.389671079,SAD
138,85,78,0.320736969,DEPRESSED
123,86,80,0.381532989,SAD
155,95,116,0.38004086,ANGRY
139,93,82,0.34179705,DEPRESSED
173,100,120,0.385070025,ANGRY
148,90,76,0.393386354,STRESSED
167,90,67,0.408147304,STRESSED
120,84,80,0.386414668,SAD
170,98,95,0.363259014,ANGRY
130,85,83,0.348998771,DEPRESSED
148,94,86,0.401503602,STRESSED
117,81,,0.33770908,HAPPY
151,98,111,0.391462926,ANGRY
174,97,106,0.358634587,ANGRY
123,78,61,0.322381425,HAPPY
130,86,79,0.30987731,DEPRESSED
,78,60,0.327173498,HAPPY
124,85,68,0.321589195,HAPPY
158,95,120,0.358238409,ANGRY
128,81,85,0.396670995,SAD
127,81,82,0.387416118,SAD
136,95,77,0.326539319,DEPRESSED
136,94,77,0.347191305,DEPRESSED
151,96,117,0.351681308,ANGRY
137,91,81,0.347480138,DEPRESSED
149,92,83,0.317081649,DEPRESSED
143,90,64,0.391343033,STRESSED
159,85,83,0.315687325,DEPRESSED
170,95,103,0.356016886,ANGRY
130,92,80,0.343808488,DEPRESSED
140,89,78,0.37652794,SAD
132,85,81,0.328647191,DEPRESSED
158,93,115,0.385097546,ANGRY
157,92,118,0.36271667,ANGRY
150,88,82,0.393681446,STRESSED
134,89,84,0.398991116,SAD
167,93,67,0.400902107,STRESSED
122,81,74,0.38544425,SAD
147,94,80,0.407393861,STRESSED
123,81,64,0.335929029,HAPPY
164,89,90,0.397200056,STRESSED
147,87,77,0.323164035,DEPRESSED
168,90,84,0.408543159,STRESSED
122,79,70,0.332473082,HAPPY
151,86,81,0.330947975,DEPRESSED
123,82,62,0.332314933,HAPPY
154,95,105,0.372019801,ANGRY
138,84,73,0.396678092,SAD
164,93,79,0.401345047,STRESSED
128,86,84,0.381314284,SAD
123,81,61,0.326691938,HAPPY
137,82,79,0.374770301,SAD
157,90,68,0.396259461,STRESSED
171,92,101,0.384376927,ANGRY
160,93,85,0.419052665,STRESSED
159,89,83,0.341114425,DEPRESSED
159,91,113,0.375148039,ANGRY
152,90,77,0.346317023,DEPRESSED
128,84,70,0.331640098,HAPPY
151,90,82,0.318730249,DEPRESSED
123,84,78,0.384661946,SAD
128,91,80,0.403808401,STRESSED
174,100,107,0.354368863,ANGRY
135,91,81,0.305767073,DEPRESSED
115,79,72,0.33021549,HAPPY
126,85,64,0.330975217,HAPPY
154,89,81,0.314505227,DEPRESSED
141,85,78,0.335780267,DEPRESSED
133,82,73,0.393339329,SAD
135,,78,0.382409767,SAD
146,95,79,0.409368676,STRESSED
123,86,83,0.398995231,SAD
123,81,61,0.337697141,HAPPY
174,99,100,0.394734526,ANGRY
129,83,70,0.339770911,HAPPY
156,91,,0.416616512,STRESSED
146,86,77,0.310775435,DEPRESSED
124,89,79,0.375240212,SAD
160,100,110,0.380554216,ANGRY
155,99,106,0.365940402,ANGRY
134,86,78,0.389772577,SAD
151,95,85,0.400401105,STRESSED
,94,64,0.404336573,STRESSED
128,90,77,0.388231415,SAD
158,100,106,0.377241456,ANGRY
123,82,72,0.397755567,SAD
152,93,104,,ANGRY
129,84,74,0.380445903,SAD
129,88,73,0.380607886,SAD
150,90,77,0.34342417,DEPRESSED
126,85,67,0.334733989,HAPPY
122,79,68,0.332787625,HAPPY
147,88,88,0.397270429,STRESSED
121,83,76,0.330008277,HAPPY
125,78,64,0.329290182,HAPPY
132,91,60,0.399844535,STRESSED
137,82,79,0.394064856,SAD
128,84,72,0.338012585,HAPPY
163,100,97,0.363268475,ANGRY
177,97,114,0.397114264,ANGRY
124,81,64,0.339613946,HAPPY
136,85,77,0.32104946,DEPRESSED
115,82,65,0.333665258,HAPPY
153,88,83,0.408531131,STRESSED
159,97,120,0.35784136,ANGRY
115,81,74,0.338032603,HAPPY
144,93,61,0.412083623,STRESSED
140,90,77,0.394666419,SAD
153,88,89,0.402727145,STRESSED
135,90,75,0.380607864,SAD
171,92,101,0.377475431,ANGRY
117,84,75,0.336044877,HAPPY
115,85,70,0.333316178,HAPPY
127,82,81,0.379331371,SAD
148,89,89,0.41705509,STRESSED
143,94,78,0.404880723,STRESSED
137,89,71,0.387692954,SAD
126,81,60,0.321942955,HAPPY
168,91,63,0.406225967,STRESSED
124,83,74,0.380688842,SAD
139,81,73,0.378164403,SAD
159,91,105,0.360476051,ANGRY
134,84,80,0.382866645,SAD
164,92,102,0.394699473,ANGRY
133,88,78,0.323140837,DEPRESSED
131,83,81,0.391755009,SAD
129,90,79,0.370239982,SAD
148,92,81,0.345602259,DEPRESSED
122,81,71,0.332539394,HAPPY
123,84,72,0.338289041,HAPPY
146,90,86,0.396138791,STRESSED
121,82,66,0.322933891,HAPPY
124,85,60,0.337824116,HAPPY
152,93,67,0.41982916,STRESSED
124,81,81,0.398121833,SAD
156,91,83,0.401186981,STRESSED
134,92,78,0.343397836,DEPRESSED
161,88,76,0.417860731,STRESSED
116,78,60,0.331104052,HAPPY
131,93,76,0.393236646,STRESSED
138,86,79,0.326182593,DEPRESSED
122,82,73,0.33640165,HAPPY
139,90,70,0.406070032,STRESSED
131,88,80,0.380472081,SAD
119,82,72,0.328811018,HAPPY
132,87,82,0.391703505,SAD
154,88,73,0.399247575,STRESSED
143,92,77,0.332489526,DEPRESSED
154,88,77,0.41665855,STRESSED
122,,62,0.321831375,HAPPY
132,92,77,0.34914148,DEPRESSED
127,92,87,0.398718704,STRESSED
156,90,90,0.394037691,STRESSED
179,100,98,0.372936751,ANGRY
121,88,84,,SAD
145,92,,0.308503849,DEPRESSED
132,93,79,0.301061797,DEPRESSED
149,95,71,0.405967043,STRESSED
145,92,77,0.321601795,DEPRESSED
158,92,118,0.358528824,ANGRY
129,87,77,0.382914817,SAD
119,81,60,0.326546546,HAPPY
137,91,81,0.310254045,DEPRESSED
,87,73,0.372129934,SAD
118,83,73,0.333268388,HAPPY
173,94,120,0.386562269,ANGRY
143,88,78,0.314203711,DEPRESSED
134,94,74,0.418271525,STRESSED
147,90,76,0.404910922,STRESSED
154,93,83,0.341870664,DEPRESSED
149,90,81,0.302974683,DEPRESSED
127,90,82,0.382498364,SAD
118,84,70,0.327172546,HAPPY
142,89,81,0.411244616,STRESSED
160,93,82,0.330679381,DEPRESSED
128,83,77,0.374756295,SAD
152,94,118,0.368541317,ANGRY
177,98,98,0.358898997,ANGRY
139,95,73,0.403386948,STRESSED
166,91,70,0.404801086,STRESSED
126,89,79,0.40053334,STRESSED
122,80,64,0.323878174,HAPPY
127,86,81,0.37406847,SAD
162,93,68,0.403191052,STRESSED
143,88,80,0.319920358,DEPRESSED
127,79,72,0.33908802,HAPPY
174,94,96,0.354552121,ANGRY
146,95,77,0.306576431,DEPRESSED
160,93,69,0.391599635,STRESSED
165,95,98,0.376814665,ANGRY
152,90,106,0.3846201,ANGRY
130,85,82,0.342275203,DEPRESSED
178,100,107,0.380316161,ANGRY
139,90,77,0.399452231,STRESSED
120,82,74,0.324315524,HAPPY
121,86,83,0.398040378,SAD
123,84,74,0.371632052,SAD
140,85,71,0.399313106,SAD
142,91,63,0.395323065,STRESSED
143,90,71,0.407075953,STRESSED
142,95,79,0.336880672,DEPRESSED
179,95,100,0.370799712,ANGRY
155,91,111,0.359746128,ANGRY
159,92,114,0.359893726,ANGRY
160,89,82,0.343717272,DEPRESSED
151,95,113,0.357671083,ANGRY
161,92,100,0.380659187,ANGRY
143,89,78,0.344976406,DEPRESSED
145,94,85,0.399469197,STRESSED
139,80,79,0.373307167,SAD
125,78,69,0.326993492,HAPPY
171,92,95,0.375371072,ANGRY
117,83,63,0.323633713,HAPPY
141,92,81,0.32935173,DEPRESSED
150,94,81,0.313989971,DEPRESSED
150,91,80,0.410376452,STRESSED
180,97,115,0.360188373,ANGRY
166,91,97,0.390111109,ANGRY
126,81,72,0.325896073,HAPPY
134,95,61,0.407749769,STRESSED
123,84,62,0.335285283,HAPPY
138,95,81,0.309581935,DEPRESSED
139,89,84,0.397565695,STRESSED
145,87,79,0.349881987,DEPRESSED
131,89,77,0.391715206,SAD
120,82,63,0.324784121,HAPPY
151,91,79,0.399012382,STRESSED
141,92,81,0.327270143,DEPRESSED
138,89,86,0.413092913,STRESSED
151,90,,0.398970373,STRESSED
139,89,78,0.330676894,DEPRESSED
123,87,84,0.386127848,SAD
157,99,116,0.359349312,ANGRY
157,97,106,0.370980944,ANGRY
136,,86,0.406866099,STRESSED
166,90,98,0.389074533,ANGRY
128,81,73,0.330241049,HAPPY
132,93,78,0.321526033,DEPRESSED
148,85,80,0.334188066,DEPRESSED
124,78,64,0.337120756,HAPPY
,99,102,0.355567114,ANGRY
115,81,76,0.331434767,HAPPY
165,93,103,0.396296511,ANGRY
130,90,71,0.386300077,SAD
136,95,82,0.339980888,DEPRESSED
158,90,79,0.400828998,STRESSED
157,97,104,0.368469512,ANGRY
133,82,72,0.391199273,SAD
137,84,72,0.392608193,SAD
125,78,61,0.333409088,HAPPY
122,82,72,0.385554492,SAD
159,98,105,0.399941894,ANGRY
130,83,70,0.337389025,HAPPY
143,90,89,0.416102354,STRESSED
176,98,115,0.380893867,ANGRY
132,89,77,0.316450899,DEPRESSED
144,95,78,0.313673405,DEPRESSED
124,81,81,0.375124063,SAD
168,92,95,0.355575211,ANGRY
153,92,117,0.380926616,ANGRY
121,90,70,0.382705793,SAD
142,95,81,0.340158619,DEPRESSED
116,84,60,0.329248356,HAPPY
135,94,78,0.306659541,DEPRESSED
176,93,107,0.373353468,ANGRY
158,93,81,0.320917014,DEPRESSED
150,93,88,0.414652006,STRESSED
129,94,60,0.39117534,STRESSED
180,98,100,,ANGRY
138,94,79,0.405612233,STRESSED
121,83,82,0.377300397,SAD
177,100,96,0.391757095,ANGRY
119,82,73,0.32313746,HAPPY
160,88,79,0.395303369,STRESSED
140,85,79,0.319804084,DEPRESSED
139,87,85,0.374215152,SAD
134,94,82,0.398314881,STRESSED
162,95,81,0.400220734,STRESSED
128,85,83,0.394678159,SAD
156,94,78,0.335446249,DEPRESSED
159,90,82,0.308171553,DEPRESSED
139,80,85,0.384106183,SAD
125,87,77,0.385805809,SAD
138,88,77,0.332878673,DEPRESSED
139,90,87,0.399043074,STRESSED
164,96,113,0.354123882,ANGRY
160,88,82,0.30841351,DEPRESSED
161,92,76,0.41661292,STRESSED
135,83,82,0.377657431,SAD
176,97,95,0.386550691,ANGRY
158,91,81,0.332735222,DEPRESSED
140,91,87,0.403423229,STRESSED
149,90,,0.401044261,STRESSED
161,94,113,0.385346793,ANGRY
156,87,79,0.316935964,DEPRESSED
156,,119,0.393091366,ANGRY
159,94,80,0.327615647,DEPRESSED
132,90,90,0.391333352,STRESSED
159,95,119,0.376084988,ANGRY
180,96,117,0.394480942,ANGRY
165,99,105,0.394563129,ANGRY
129,85,72,0.320743413,HAPPY
125,88,62,0.413904064,STRESSED
164,96,116,0.388250805,ANGRY
133,90,83,0.344210507,DEPRESSED
125,92,76,0.399440865,STRESSED
130,81,80,0.377960309,SAD
176,97,102,0.357998427,ANGRY
136,86,75,0.390405775,SAD
165,92,87,0.413025326,STRESSED
138,91,77,0.330352046,DEPRESSED
123,82,80,0.380273441,SAD
161,91,70,0.401689497,STRESSED
128,89,85,0.385010019,SAD
120,85,72,0.33898068,HAPPY
148,91,77,0.3115001,DEPRESSED
128,90,76,0.405416452,STRESSED
125,94,65,0.39556823,STRESSED
161,99,111,0.366101173,ANGRY
120,84,69,0.332643593,HAPPY
129,80,84,0.384403325,SAD
158,90,82,0.349103503,DEPRESSED
117,78,60,0.335067849,HAPPY
129,82,75,0.331994193,HAPPY
134,85,77,0.320239737,DEPRESSED
129,95,62,0.390188923,STRESSED
150,96,105,0.363042419,ANGRY
160,92,79,0.338760383,DEPRESSED
149,88,77,0.317489503,DEPRESSED
161,98,95,0.388355014,ANGRY
176,94,110,0.391898007,ANGRY
126,82,61,0.326164938,HAPPY
152,93,78,0.341115508,DEPRESSED
125,81,70,0.381794925,SAD
168,93,64,0.400882617,STRESSED
147,89,83,0.305937492,DEPRESSED
139,83,79,0.383929172,SAD
138,80,79,0.392285701,SAD
134,88,76,0.384314153,SAD
,92,81,0.403729693,STRESSED
124,87,71,0.380939327,SAD
122,78,68,0.326641647,HAPPY
140,83,76,0.384866938,SAD
154,98,99,0.353267578,ANGRY
139,89,82,0.336490305,DEPRESSED
164,100,108,0.38137052,ANGRY
126,93,65,0.402687033,STRESSED
140,95,81,0.40463889,STRESSED
145,93,65,0.407813572,STRESSED
152,96,104,0.350612728,ANGRY
162,91,85,0.405223996,STRESSED
121,81,67,0.335115746,HAPPY
135,83,82,0.381593465,SAD
136,94,67,0.405245269,STRESSED
177,98,96,0.37573582,ANGRY
147,87,80,0.304249641,DEPRESSED
119,83,73,0.322949928,HAPPY
172,99,106,0.357703135,ANGRY
127,87,75,0.383276648,SAD
115,,70,0.321138702,HAPPY
163,90,120,0.399448013,ANGRY
167,97,104,0.352284108,ANGRY
155,91,83,0.405555641,STRESSED
173,100,107,0.393325518,ANGRY
156,99,95,0.360880057,ANGRY
125,81,71,0.3257772,HAPPY
143,88,77,0.32461986,DEPRESSED
134,90,80,0.382958637,SAD
120,87,70,0.37677044,SAD
140,86,80,0.333956218,DEPRESSED
153,98,99,0.395669621,ANGRY
120,85,76,0.333796203,HAPPY
137,85,78,0.397816273,SAD
134,83,72,0.390403778,SAD
131,92,65,0.407643784,STRESSED
145,92,77,0.340338663,DEPRESSED
116,84,73,0.322046642,HAPPY
152,92,,0.328276117,DEPRESSED
134,89,77,0.333898349,DEPRESSED
139,87,83,0.322805269,DEPRESSED
167,95,109,0.36803304,ANGRY
143,92,68,0.401793213,STRESSED
142,85,78,0.349973447,DEPRESSED
121,82,73,0.379722233,SAD
143,90,81,0.331937105,DEPRESSED
155,94,120,0.356632036,ANGRY
118,82,70,0.336619744,HAPPY
142,89,80,0.328090662,DEPRESSED
123,82,66,0.338453901,HAPPY
116,82,61,0.328747631,HAPPY
135,80,78,0.376919772,SAD
136,92,63,0.39113258,STRESSED
138,89,85,0.390253738,SAD
126,89,72,0.399300022,SAD
151,85,81,0.32719222,DEPRESSED
141,93,78,0.303072269,DEPRESSED
151,95,81,0.335433526,DEPRESSED
156,96,108,0.376260436,ANGRY
121,81,71,0.33989883,HAPPY
131,94,77,0.330150486,DEPRESSED
177,96,103,0.397365102,ANGRY
137,82,74,0.372876234,SAD
135,88,81,0.380359638,SAD
123,90,82,0.396317659,SAD
121,80,75,0.337419066,HAPPY
157,93,77,0.309474219,DEPRESSED
132,87,82,0.384015669,SAD
160,88,82,,DEPRESSED
171,,97,0.360558705,ANGRY
153,94,77,0.342469644,DEPRESSED
137,80,80,0.370326653,SAD
153,91,80,0.317589761,DEPRESSED
121,79,75,0.326342873,HAPPY
138,83,77,0.379680793,SAD
159,90,81,0.337937976,DEPRESSED
154,99,114,0.383133824,ANGRY
124,80,70,0.384319404,SAD
155,90,83,0.410276607,STRESSED
155,99,100,0.370607779,ANGRY
171,90,101,0.374785985,ANGRY
126,95,81,0.398550535,STRESSED
170,94,63,0.405994859,STRESSED
156,100,110,0.392496877,ANGRY
149,86,83,0.334912692,DEPRESSED
136,93,78,0.30966521,DEPRESSED
116,83,65,0.334658836,HAPPY
160,93,117,0.387383148,ANGRY
,93,78,0.327961453,DEPRESSED
161,90,115,0.362550871,ANGRY
128,85,84,0.399426626,SAD
147,90,79,0.323125863,DEPRESSED
157,96,119,0.382642871,ANGRY
117,85,61,0.331136226,HAPPY
129,82,63,0.332302643,HAPPY
153,85,82,0.305899372,DEPRESSED
148,93,82,0.324944093,DEPRESSED
128,84,60,0.329093433,HAPPY
158,94,77,0.307713631,DEPRESSED
153,95,75,0.393386854,STRESSED
150,91,77,0.341651773,DEPRESSED
127,82,76,0.323885726,HAPPY
138,93,80,0.302944421,DEPRESSED
125,81,78,0.393698154,SAD
125,85,66,0.327500186,HAPPY
148,85,81,0.336136524,DEPRESSED
154,90,102,0.390565726,ANGRY
124,79,63,0.320789643,HAPPY
145,89,77,0.339944629,DEPRESSED
142,94,74,0.419447769,STRESSED
130,80,64,0.324528807,HAPPY
127,,89,0.414093739,STRESSED
134,82,78,0.394909107,SAD
153,94,78,0.30830706,DEPRESSED
130,88,83,0.3488377,DEPRESSED
117,78,66,0.330128184,HAPPY
164,92,78,0.404566311,STRESSED
128,79,75,0.334978384,HAPPY
117,79,,0.336574214,HAPPY
173,92,104,0.370918765,ANGRY
115,85,66,0.32196426,HAPPY
121,84,74,0.381602491,SAD
132,94,65,0.397897906,STRESSED
118,82,72,0.325461073,HAPPY
164,94,81,0.398470203,STRESSED
155,99,114,0.389731974,ANGRY
139,89,83,0.382894922,SAD
135,88,82,0.381590473,SAD
141,89,64,0.40559536,STRESSED
155,94,79,0.317982424,DEPRESSED
144,91,69,0.412188707,STRESSED
125,95,65,0.408589231,STRESSED
124,82,73,0.320059637,HAPPY
125,82,83,0.390732651,SAD
141,92,80,0.322513378,DEPRESSED
120,83,72,0.327468498,HAPPY
154,85,80,0.313255366,DEPRESSED
151,94,78,0.314280717,DEPRESSED
139,85,81,0.339538408,DEPRESSED
160,94,104,0.391633756,ANGRY
153,92,81,0.319023088,DEPRESSED
115,78,72,0.327186249,HAPPY
163,92,103,0.36774464,ANGRY
124,84,72,0.325793201,HAPPY
167,91,114,0.350819291,ANGRY
127,,61,0.32202326,HAPPY
132,91,80,0.394384649,STRESSED
128,95,87,0.390661398,STRESSED
155,86,81,0.319798732,DEPRESSED
145,86,81,0.344850109,DEPRESSED
178,95,104,0.355944638,ANGRY
138,89,67,0.406829597,STRESSED
151,100,96,0.394125917,ANGRY
180,97,104,0.356948583,ANGRY
120,81,82,0.384684188,SAD
170,89,72,0.392840698,STRESSED
,81,78,0.398112817,SAD
153,93,88,0.407751765,STRESSED
133,85,82,0.330092841,DEPRESSED
157,85,81,0.320293346,DEPRESSED
128,80,85,0.395455633,SAD
130,82,61,0.320625728,HAPPY
117,78,72,0.3214219,HAPPY
125,80,72,0.333910073,HAPPY
120,80,63,,HAPPY
131,90,77,0.395927036,STRESSED
169,89,73,0.404226945,STRESSED
124,82,74,0.390909202,SAD
122,80,74,0.372746077,SAD
132,82,85,0.370404435,SAD
132,89,85,0.375562507,SAD
148,91,80,0.341132788,DEPRESSED
141,91,74,0.394941856,STRESSED
161,91,110,0.380425751,ANGRY
170,91,102,0.384313622,ANGRY
139,87,79,0.31093311,DEPRESSED
128,83,62,0.322769381,HAPPY
157,87,81,0.343880487,DEPRESSED
159,85,82,0.344846596,DEPRESSED
157,94,82,0.341211464,DEPRESSED
138,87,79,0.378552445,SAD
131,84,80,0.387669089,SAD
135,92,77,0.404902156,STRESSED
139,95,68,0.410782036,STRESSED
155,99,108,0.356646798,ANGRY
155,94,90,0.390668687,STRESSED
120,85,,0.398761632,SAD
134,80,82,0.384088666,SAD
175,,102,0.350412718,ANGRY
160,94,71,0.393472652,STRESSED
122,83,76,0.324753215,HAPPY
148,86,83,0.34008955,DEPRESSED
117,85,66,0.328719208,HAPPY
127,89,84,0.39192157,SAD
159,92,79,0.333299545,DEPRESSED
115,82,63,0.326494572,HAPPY
168,95,107,0.38527559,ANGRY
119,79,76,0.322486572,HAPPY
135,88,72,0.377310704,SAD
122,88,74,0.388956174,SAD
130,93,82,0.395422519,STRESSED
174,92,115,0.393185877,ANGRY
134,86,80,0.32261025,DEPRESSED
124,87,76,0.370119229,SAD
162,95,77,0.413448221,STRESSED
132,86,75,0.397045986,SAD
148,88,79,0.304753006,DEPRESSED
156,100,101,0.356165473,ANGRY
130,85,64,0.326578072,HAPPY
134,84,74,0.380246259,SAD
120,86,74,0.393533887,SAD
122,78,60,0.331846832,HAPPY
127,78,73,0.339273717,HAPPY
120,85,66,0.324260931,HAPPY
168,93,79,0.390471537,STRESSED
159,88,78,0.301994144,DEPRESSED
160,90,83,0.324436774,DEPRESSED
130,83,73,0.386910574,SAD
168,89,64,0.418506113,STRESSED
158,89,69,0.392299986,STRESSED
133,82,73,0.386374605,SAD
138,88,83,0.314491558,DEPRESSED
127,85,74,0.388461085,SAD
140,90,82,0.391296936,SAD
135,,85,0.388425994,SAD
142,89,77,0.311797916,DEPRESSED
125,90,87,0.406756157,STRESSED
154,95,77,0.332227411,DEPRESSED
122,82,79,0.395290707,SAD
133,92,86,0.400816345,STRESSED
130,82,74,0.327428559,HAPPY
152,91,119,0.354235551,ANGRY
120,82,70,0.328303507,HAPPY
146,91,74,0.40161398,STRESSED
165,93,105,0.382170026,ANGRY
151,94,62,0.412057278,STRESSED
119,84,68,0.32322166,HAPPY
124,82,73,0.397083658,SAD
115,81,73,0.327361536,HAPPY
151,87,77,0.322510506,DEPRESSED
141,89,83,0.40521196,STRESSED
140,93,81,0.334787889,DEPRESSED
130,86,77,0.373699745,SAD
130,83,76,0.334835146,HAPPY
140,86,83,,SAD
157,93,105,0.384584796,ANGRY
122,79,63,0.323190072,HAPPY
121,84,83,0.389839544,SAD
178,92,102,0.373506771,ANGRY
144,90,78,0.344541504,DEPRESSED
118,78,68,0.33160146,HAPPY
135,89,78,0.318643071,DEPRESSED
171,100,119,0.394787393,ANGRY
123,85,75,0.324868442,HAPPY
140,88,72,0.378235439,SAD
120,80,73,0.322955931,HAPPY
164,90,82,0.397794365,STRESSED
133,89,82,0.392650978,STRESSED
,80,64,0.334041833,HAPPY
158,95,75,0.412217162,STRESSED
126,94,86,0.39452229,STRESSED
159,85,80,0.344596983,DEPRESSED
137,93,60,0.406623858,STRESSED
130,84,61,0.339889973,HAPPY
161,88,64,0.415500262,STRESSED
140,94,80,0.31112782,DEPRESSED
174,95,101,0.39681323,ANGRY
128,85,74,0.323891745,HAPPY
151,91,97,0.378359652,ANGRY
143,91,81,0.312136142,DEPRESSED
128,85,65,0.339508719,HAPPY
131,85,75,0.374265652,SAD
155,,82,0.301427184,DEPRESSED
168,92,106,0.35929726,ANGRY
124,80,77,0.378047569,SAD
137,89,72,0.411130576,STRESSED
160,95,,0.375620807,ANGRY
166,92,120,0.35873751,ANGRY
129,83,76,0.37627557,SAD
142,91,70,0.406487162,STRESSED
135,83,73,0.393422074,SAD
137,82,84,0.376081368,SAD
143,88,78,0.312892641,DEPRESSED
180,93,116,0.385874641,ANGRY
140,89,72,0.391433235,SAD
157,85,83,0.342521304,DEPRESSED
175,91,109,0.399546648,ANGRY
122,84,65,0.323266157,HAPPY
138,81,78,0.38715627,SAD
126,83,64,0.332120735,HAPPY
162,98,115,0.356461682,ANGRY
121,86,83,0.386855931,SAD
157,85,77,0.324039524,DEPRESSED
153,90,60,0.407241174,STRESSED
138,88,82,0.383399992,SAD
127,92,60,0.410544324,STRESSED
130,78,60,0.325345077,HAPPY
158,92,82,0.339909089,DEPRESSED
160,93,84,0.405579012,STRESSED
139,85,78,0.313971958,DEPRESSED
140,90,71,0.377760337,SAD
145,86,78,0.343202145,DEPRESSED
125,95,65,0.416824321,STRESSED
139,92,79,0.334223757,DEPRESSED
127,,72,0.376449109,SAD
178,97,109,0.354213767,ANGRY
178,99,112,0.392722656,ANGRY
175,90,109,0.360391865,ANGRY
150,93,83,0.317403178,DEPRESSED
169,92,113,0.357116131,ANGRY
152,88,75,0.404619883,STRESSED
155,94,60,0.406018544,STRESSED
123,81,70,0.322333352,HAPPY
120,84,71,0.370992624,SAD
125,81,74,0.380862378,SAD
130,88,82,0.334166113,DEPRESSED
132,92,87,0.410551923,STRESSED
155,95,82,0.327603699,DEPRESSED
130,81,70,0.339485193,HAPPY
121,85,68,0.336855144,HAPPY
129,86,80,0.39504872,SAD
126,85,74,0.393849667,SAD
116,85,64,0.322557934,HAPPY
157,95,60,0.403822865,STRESSED
124,79,74,0.333345389,HAPPY
140,81,83,0.378376866,SAD
129,83,68,0.339468837,HAPPY
145,93,80,0.334880345,DEPRESSED
149,90,80,0.301716176,DEPRESSED
115,78,71,0.320378331,HAPPY
148,93,77,0.3146374,DEPRESSED
126,82,67,0.324959298,HAPPY
141,90,78,0.402713126,STRESSED
176,92,106,0.351977501,ANGRY
129,83,74,0.383126617,SAD
138,94,86,0.409094125,STRESSED
173,93,115,,ANGRY
131,86,77,0.310537919,DEPRESSED
124,80,64,0.328694973,HAPPY
155,91,82,0.336169129,DEPRESSED
148,86,81,0.308504479,DEPRESSED
134,90,70,0.3782333,SAD
123,85,61,0.333567821,HAPPY
151,92,78,0.300345199,DEPRESSED
145,89,79,0.322430118,DEPRESSED
156,94,77,0.306789776,DEPRESSED
129,83,74,0.380763778,SAD
159,88,,0.410560715,STRESSED
169,89,79,0.405421269,STRESSED
121,80,69,0.328634738,HAPPY
,92,119,0.367913438,ANGRY
133,87,81,0.331804878,DEPRESSED
156,95,85,0.396838273,STRESSED
166,92,101,0.39814808,ANGRY
121,83,71,0.376982727,SAD
170,96,98,0.3770972,ANGRY
136,81,76,0.391226426,SAD
123,86,82,0.376192614,SAD
115,83,60,0.323588774,HAPPY
175,99,110,0.359591766,ANGRY
149,92,81,0.32502951,DEPRESSED
120,80,60,0.334460415,HAPPY
171,91,95,0.35243549,ANGRY
137,87,71,0.370037469,SAD
136,95,77,0.347394912,DEPRESSED
128,89,80,0.386306099,SAD
173,97,104,0.398792543,ANGRY
139,91,75,0.402958439,STRESSED
163,92,87,0.401169469,STRESSED
164,,118,0.382466311,ANGRY
129,83,70,0.333313238,HAPPY
139,86,76,0.372483633,SAD
152,91,104,0.399444111,ANGRY
124,79,65,0.338829481,HAPPY
144,86,77,0.331410608,DEPRESSED
179,94,111,0.375375143,ANGRY
148,87,78,0.348550024,DEPRESSED
178,94,95,0.367999151,ANGRY
176,97,95,0.350275014,ANGRY
170,99,113,0.360441825,ANGRY
150,95,62,0.408179244,STRESSED
142,94,82,0.348035844,DEPRESSED
147,90,82,0.304039791,DEPRESSED
151,95,96,0.381009702,ANGRY
124,90,82,0.377649067,SAD
131,82,78,0.396742485,SAD
137,89,72,0.386959625,SAD
148,90,69,0.414181646,STRESSED
134,90,78,0.323647054,DEPRESSED
160,94,77,0.322063559,DEPRESSED
151,100,96,0.374035354,ANGRY
128,78,66,0.329156058,HAPPY
152,87,77,0.336268591,DEPRESSED
123,80,75,0.333705187,HAPPY
159,97,120,0.364924383,ANGRY
168,91,120,0.35995983,ANGRY
147,90,63,0.409987407,STRESSED
137,87,83,0.306586601,DEPRESSED
164,98,95,0.352412617,ANGRY
142,92,82,0.308062353,DEPRESSED
172,98,96,0.370435686,ANGRY
133,95,80,0.314199401,DEPRESSED
158,93,119,0.397253149,ANGRY
161,90,108,0.3646261,ANGRY
149,90,89,0.415644732,STRESSED
121,80,73,0.334376435,HAPPY
131,85,73,0.397570468,SAD
174,96,99,0.366274095,ANGRY
160,87,77,0.313168434,DEPRESSED
134,86,77,0.385509568,SAD
139,92,78,0.340479161,DEPRESSED
133,91,80,0.339964956,DEPRESSED
176,90,95,0.353248715,ANGRY
124,79,,0.33348279,HAPPY
132,81,85,0.399850287,SAD
128,80,63,0.329784151,HAPPY
165,,89,0.419202377,STRESSED
123,78,62,0.332312146,HAPPY
137,91,82,0.305918313,DEPRESSED
154,90,80,0.314592633,DEPRESSED
124,83,72,0.383231498,SAD
137,82,84,,SAD
140,94,80,0.305382439,DEPRESSED
155,90,73,0.40529704,STRESSED
125,78,68,0.328883707,HAPPY
147,93,79,0.390117134,STRESSED
122,83,71,0.337471656,HAPPY
129,87,71,0.396230112,SAD
148,90,77,0.311527383,DEPRESSED
121,90,74,0.37584885,SAD
,79,73,0.329946028,HAPPY
134,90,85,0.381351598,SAD
177,97,104,0.389746765,ANGRY
125,80,74,0.398603791,SAD
155,93,98,0.352849453,ANGRY
172,90,102,0.391081104,ANGRY
176,98,97,0.388970724,ANGRY
169,92,95,0.371208457,ANGRY
129,82,61,0.325125594,HAPPY
161,88,73,0.390554546,STRESSED
160,94,110,0.390496695,ANGRY
116,85,76,0.32664139,HAPPY
129,79,66,0.331635236,HAPPY
134,88,76,0.401090022,STRESSED
153,86,78,0.316892885,DEPRESSED
129,93,75,0.406417904,STRESSED
124,78,64,0.325600776,HAPPY
168,93,63,0.396688108,STRESSED
119,85,67,0.32684253,HAPPY
122,82,60,0.328839455,HAPPY
124,84,67,0.339492557,HAPPY
130,89,78,0.344222914,DEPRESSED
178,96,120,0.380291208,ANGRY
139,91,71,0.397624912,STRESSED
122,84,75,0.320781354,HAPPY
161,97,99,0.369559791,ANGRY
138,85,72,0.372211335,SAD
156,88,79,0.303346993,DEPRESSED
119,78,60,0.322946187,HAPPY
133,81,82,0.392419591,SAD
129,93,68,0.419390658,STRESSED
177,90,95,0.36852272,ANGRY
178,95,118,0.374828423,ANGRY
155,91,82,0.310527226,DEPRESSED
119,79,65,0.337030116,HAPPY
122,81,81,0.385101809,SAD
126,88,72,0.371714092,SAD
133,87,83,0.375709435,SAD
150,88,77,0.308430765,DEPRESSED
128,89,70,0.38132074,SAD
129,90,81,0.376994117,SAD
135,83,81,0.372706116,SAD
164,89,89,0.406444104,STRESSED
132,91,78,0.316522293,DEPRESSED
142,,81,0.326989581,DEPRESSED
125,85,75,0.330923218,HAPPY
130,80,74,0.332300258,HAPPY
155,92,81,0.39737201,STRESSED
129,78,76,0.328622484,HAPPY
165,90,109,0.354334309,ANGRY
177,97,114,0.352386202,ANGRY
115,82,64,0.334605673,HAPPY
116,84,,0.329580581,HAPPY
131,89,81,0.341465218,DEPRESSED
144,91,83,0.415526482,STRESSED
141,87,77,0.301191476,DEPRESSED
168,94,98,0.382700285,ANGRY
130,79,63,0.321914893,HAPPY
155,88,80,0.343515574,DEPRESSED
150,95,81,,DEPRESSED
158,86,83,0.310187729,DEPRESSED
173,94,111,0.399123933,ANGRY
155,100,102,0.362556041,ANGRY
131,93,73,0.412510769,STRESSED
145,93,81,0.331673026,DEPRESSED
179,100,101,0.375212488,ANGRY
177,97,117,0.375262696,ANGRY
139,86,79,0.312646115,DEPRESSED
153,93,95,0.355125346,ANGRY
159,92,77,0.309095099,DEPRESSED
128,86,77,0.378716654,SAD
147,92,82,0.338463535,DEPRESSED
118,79,75,0.333419443,HAPPY
146,93,81,0.338380286,DEPRESSED
121,78,61,0.329782572,HAPPY
158,92,83,0.4164081,STRESSED
124,86,75,0.391107151,SAD
148,95,77,0.312452392,DEPRESSED
123,86,82,0.371324456,SAD
125,90,83,0.397368412,SAD
140,89,79,0.395444957,SAD
175,,112,0.36517349,ANGRY
125,90,80,0.382316155,SAD
155,93,80,0.317233533,DEPRESSED
121,79,73,0.321449047,HAPPY
121,85,69,0.339145573,HAPPY
137,82,80,0.379551508,SAD
156,95,79,0.300743411,DEPRESSED
127,88,77,0.418028084,STRESSED
121,84,70,0.326141888,HAPPY
126,81,82,0.396160687,SAD
140,90,77,0.341208913,DEPRESSED
122,79,62,0.330611252,HAPPY
154,89,78,0.329644774,DEPRESSED
,94,99,0.362319083,ANGRY
143,90,64,0.398557384,STRESSED
151,89,68,0.404595431,STRESSED
