ORDER_ID,ORDER_DATE,CUSTOMER_ID,ORDER_STATUS,ORDER_TOTAL,SALES_REP_ID,PROMO_ID,LINE_ITEM_ID,PRODUCT_ID,UNIT_PRICE,QUANTITY
2354,14-JUL-08,104,0,46257,155,,6,3143,16,53
2354,14-JUL-08,104,0,46257,155,,3,3123,79,47
2354,14-JUL-08,104,0,46257,155,,4,3129,41,47
2354,14-JUL-08,104,0,46257,155,1,5,3139,21,48
2354,14-JUL-08,104,0,46257,155,,1,3106,48,61
2354,14-JUL-08,104,0,46257,155,,2,3114,96.8,43
2354,14-JUL-08,104,0,46257,155,,9,3165,37,64
2354,14-JUL-08,104,0,46257,155,,13,3182,61,77
2354,14-JUL-08,104,0,46257,155,1,10,3167,51,68
2354,14-JUL-08,104,0,46257,155,,11,3170,145.2,70
2354,14-JUL-08,104,0,46257,155,,7,3150,17,58
2354,14-JUL-08,104,0,46257,155,,8,3163,30,61
2354,14-JUL-08,104,0,46257,155,,12,3176,113.3,72
2355,26-JAN-06,104,8,94513.5,,,3,2311,86.9,188
2355,26-JAN-06,104,8,94513.5,,,2,2308,57,185
2355,26-JAN-06,104,8,94513.5,,1,9,2359,226.6,204
2355,26-JAN-06,104,8,94513.5,,,1,2289,46,200
2355,26-JAN-06,104,8,94513.5,,,6,2326,1.1,192
2355,26-JAN-06,104,8,94513.5,,,8,2339,25,199
2355,26-JAN-06,104,8,94513.5,,,4,2322,19,188
2355,26-JAN-06,104,8,94513.5,,,5,2323,17,190
2355,26-JAN-06,104,8,94513.5,,,7,2330,1.1,197
2356,26-JAN-08,105,5,29473.8,,1,4,2299,72,44
2356,26-JAN-08,105,5,29473.8,,,3,2293,98,40
2356,26-JAN-08,105,5,29473.8,,,2,2274,148.5,34
2356,26-JAN-08,105,5,29473.8,,,7,2316,22,55
2356,26-JAN-08,105,5,29473.8,,,8,2323,18,55
2356,26-JAN-08,105,5,29473.8,,,5,2308,58,47
2356,26-JAN-08,105,5,29473.8,,1,6,2311,95,51
2356,26-JAN-08,105,5,29473.8,,,1,2264,199.1,38
2357,08-JAN-06,108,5,59872.4,158,,7,2276,236.5,38
2357,08-JAN-06,108,5,59872.4,158,1,8,2289,48,41
2357,08-JAN-06,108,5,59872.4,158,,1,2211,3.3,140
2357,08-JAN-06,108,5,59872.4,158,1,4,2257,371.8,29
2357,08-JAN-06,108,5,59872.4,158,,6,2268,75,32
2357,08-JAN-06,108,5,59872.4,158,,2,2245,462,26
2357,08-JAN-06,108,5,59872.4,158,,3,2252,788.7,26
2357,08-JAN-06,108,5,59872.4,158,,5,2262,95,29
2358,08-JAN-08,105,2,7826,155,2,4,1803,55,13
2358,08-JAN-08,105,2,7826,155,,3,1797,316.8,12
2358,08-JAN-08,105,2,7826,155,,5,1808,55,14
2358,08-JAN-08,105,2,7826,155,2,1,1781,226.6,9
2358,08-JAN-08,105,2,7826,155,,2,1782,125,4
2359,08-JAN-06,106,9,5543.1,,2,2,2359,249,1
2359,08-JAN-06,106,9,5543.1,,,5,2377,96,17
2359,08-JAN-06,106,9,5543.1,,,6,2380,5.5,17
2359,08-JAN-06,106,9,5543.1,,,4,2373,6,17
2359,08-JAN-06,106,9,5543.1,,,1,2337,270.6,1
2359,08-JAN-06,106,9,5543.1,,,3,2370,91,17
2359,08-JAN-06,106,9,5543.1,,1,7,2381,97,17
2360,14-NOV-07,107,4,990.4,,,2,2093,7.7,42
2360,14-NOV-07,107,4,990.4,,,1,2058,23,29
2361,13-NOV-07,108,8,120131.3,,1,3,2308,53,182
2361,13-NOV-07,108,8,120131.3,,,4,2311,86.9,185
2361,13-NOV-07,108,8,120131.3,,,5,2316,22,187
2361,13-NOV-07,108,8,120131.3,,1,2,2299,76,180
2361,13-NOV-07,108,8,120131.3,,,7,2334,3.3,198
2361,13-NOV-07,108,8,120131.3,,,9,2365,76,209
2361,13-NOV-07,108,8,120131.3,,2,1,2289,46,180
2361,13-NOV-07,108,8,120131.3,,,6,2326,1.1,194
2361,13-NOV-07,108,8,120131.3,,,8,2359,248,208
2362,13-NOV-07,109,4,92829.4,,,3,2311,93,164
2362,13-NOV-07,109,4,92829.4,,2,4,2316,22,168
2362,13-NOV-07,109,4,92829.4,,,2,2299,76,160
2362,13-NOV-07,109,4,92829.4,,,7,2339,25,179
2362,13-NOV-07,109,4,92829.4,,,1,2289,48,200
2362,13-NOV-07,109,4,92829.4,,,5,2326,1.1,173
2362,13-NOV-07,109,4,92829.4,,2,6,2334,3.3,177
2362,13-NOV-07,109,4,92829.4,,,8,2359,248,189
2363,23-OCT-07,144,0,10082.3,,,2,2272,129,7
2363,23-OCT-07,144,0,10082.3,,,8,2326,1.1,37
2363,23-OCT-07,144,0,10082.3,,2,9,2334,3.3,42
2363,23-OCT-07,144,0,10082.3,,,1,2264,199.1,9
2363,23-OCT-07,144,0,10082.3,,,5,2311,86.9,29
2363,23-OCT-07,144,0,10082.3,,,7,2323,18,34
2363,23-OCT-07,144,0,10082.3,,2,3,2299,74,25
2363,23-OCT-07,144,0,10082.3,,,4,2308,57,26
2363,23-OCT-07,144,0,10082.3,,,6,2319,24,31
2364,28-AUG-07,145,4,9500,,,2,1948,470.8,20
2364,28-AUG-07,145,4,9500,,,1,1910,14,6
2365,28-AUG-07,146,9,27455.3,,,6,2316,22,34
2365,28-AUG-07,146,9,27455.3,,,3,2302,133.1,29
2365,28-AUG-07,146,9,27455.3,,1,4,2308,56,29
2365,28-AUG-07,146,9,27455.3,,,5,2311,95,29
2365,28-AUG-07,146,9,27455.3,,,1,2289,48,92
2365,28-AUG-07,146,9,27455.3,,2,8,2322,19,43
2365,28-AUG-07,146,9,27455.3,,,12,2340,72,54
2365,28-AUG-07,146,9,27455.3,,,9,2326,1.1,44
2365,28-AUG-07,146,9,27455.3,,,10,2335,97,45
2365,28-AUG-07,146,9,27455.3,,,11,2339,25,50
2365,28-AUG-07,146,9,27455.3,,,7,2319,24,38
2365,28-AUG-07,146,9,27455.3,,,2,2293,99,28
2366,28-AUG-07,147,5,37319.4,,,4,2394,116.6,11
2366,28-AUG-07,147,5,37319.4,,,2,2373,6,7
2366,28-AUG-07,147,5,37319.4,,,3,2382,804.1,10
2366,28-AUG-07,147,5,37319.4,,,1,2359,226.6,8
2366,28-AUG-07,147,5,37319.4,,,6,2400,418,16
2366,28-AUG-07,147,5,37319.4,,,7,2406,195.8,20
2366,28-AUG-07,147,5,37319.4,,,8,2409,194.7,22
2366,28-AUG-07,147,5,37319.4,,,9,2415,339.9,24
2366,28-AUG-07,147,5,37319.4,,,5,2395,120,12
2366,28-AUG-07,147,5,37319.4,,,10,2419,69,24
2367,27-JUN-08,148,10,144054.8,,,3,2308,54,39
2367,27-JUN-08,148,10,144054.8,,,2,2302,147,32
2367,27-JUN-08,148,10,144054.8,,,1,2289,48,99
2367,27-JUN-08,148,10,144054.8,,,6,2330,1.1,52
2367,27-JUN-08,148,10,144054.8,,,8,2350,2341.9,54
2367,27-JUN-08,148,10,144054.8,,,4,2322,22,45
2367,27-JUN-08,148,10,144054.8,,,5,2326,1.1,48
2367,27-JUN-08,148,10,144054.8,,,7,2335,91.3,54
2368,26-JUN-08,149,10,60065,,,5,3127,496,70
2368,26-JUN-08,149,10,60065,,,3,3117,38,62
2368,26-JUN-08,149,10,60065,,,4,3123,81,70
2368,26-JUN-08,149,10,60065,,,6,3129,42,72
2368,26-JUN-08,149,10,60065,,,2,3110,42,60
2368,26-JUN-08,149,10,60065,,,7,3143,16,75
2368,26-JUN-08,149,10,60065,,,8,3155,45,75
2368,26-JUN-08,149,10,60065,,,1,3106,48,150
2369,26-JUN-07,116,0,11097.4,,,3,3163,32,5
2369,26-JUN-07,116,0,11097.4,,,4,3165,34,10
2369,26-JUN-07,116,0,11097.4,,,1,3150,18,3
2369,26-JUN-07,116,0,11097.4,,,2,3155,43,1
2369,26-JUN-07,116,0,11097.4,,,5,3170,145.2,24
2369,26-JUN-07,116,0,11097.4,,,6,3176,113.3,24
2369,26-JUN-07,116,0,11097.4,,,7,3187,2.2,24
2369,26-JUN-07,116,0,11097.4,,,8,3193,2.2,28
2369,26-JUN-07,116,0,11097.4,,,9,3204,123,34
2370,26-JUN-08,117,4,126,,,1,1910,14,9
2371,16-MAY-07,118,6,79405.6,,,3,2299,73,15
2371,16-MAY-07,118,6,79405.6,,,2,2293,96,8
2371,16-MAY-07,118,6,79405.6,,,1,2274,157,6
2371,16-MAY-07,118,6,79405.6,,,6,2334,3.3,26
2371,16-MAY-07,118,6,79405.6,,,8,2350,2341.9,32
2371,16-MAY-07,118,6,79405.6,,,4,2316,21,21
2371,16-MAY-07,118,6,79405.6,,,5,2323,17,24
2371,16-MAY-07,118,6,79405.6,,,7,2339,25,29
2372,27-FEB-07,119,9,16447.2,,,5,3127,496,13
2372,27-FEB-07,119,9,16447.2,,,3,3110,42,7
2372,27-FEB-07,119,9,16447.2,,,4,3123,81,10
2372,27-FEB-07,119,9,16447.2,,,1,3106,48,6
2372,27-FEB-07,119,9,16447.2,,,7,3143,15,21
2372,27-FEB-07,119,9,16447.2,,,9,3167,54,32
2372,27-FEB-07,119,9,16447.2,,,10,3170,145.2,36
2372,27-FEB-07,119,9,16447.2,,,8,3163,30,30
2372,27-FEB-07,119,9,16447.2,,,6,3134,17,17
2372,27-FEB-07,119,9,16447.2,,,2,3108,74,2
2373,27-FEB-08,120,4,416,,,2,1825,24,1
2373,27-FEB-08,120,4,416,,,1,1820,49,8
2374,27-FEB-08,121,0,4797,,,3,2449,78,15
2374,27-FEB-08,121,0,4797,,,4,2467,79,21
2374,27-FEB-08,121,0,4797,,,2,2423,78,6
2374,27-FEB-08,121,0,4797,,,1,2422,150,10
2375,26-FEB-07,122,2,103834.4,,,6,3134,17,90
2375,26-FEB-07,122,2,103834.4,,,3,3117,38,85
2375,26-FEB-07,122,2,103834.4,,,4,3127,488.4,86
2375,26-FEB-07,122,2,103834.4,,,5,3133,45,88
2375,26-FEB-07,122,2,103834.4,,,1,3106,42,140
2375,26-FEB-07,122,2,103834.4,,,2,3112,71,84
2375,26-FEB-07,122,2,103834.4,,,8,3150,17,93
2375,26-FEB-07,122,2,103834.4,,,13,3176,120,109
2375,26-FEB-07,122,2,103834.4,,,9,3155,45,98
2375,26-FEB-07,122,2,103834.4,,,10,3163,30,99
2375,26-FEB-07,122,2,103834.4,,,11,3165,36,103
2375,26-FEB-07,122,2,103834.4,,,7,3143,15,93
2375,26-FEB-07,122,2,103834.4,,,12,3171,132,107
2376,07-JUN-07,123,6,11006.2,,,4,2299,73,17
2376,07-JUN-07,123,6,11006.2,,,3,2293,99,13
2376,07-JUN-07,123,6,11006.2,,,1,2270,60,14
2376,07-JUN-07,123,6,11006.2,,,2,2276,236.5,4
2376,07-JUN-07,123,6,11006.2,,,6,2311,95,25
2376,07-JUN-07,123,6,11006.2,,,7,2316,21,27
2376,07-JUN-07,123,6,11006.2,,,8,2319,25,32
2376,07-JUN-07,123,6,11006.2,,,9,2326,1.1,33
2376,07-JUN-07,123,6,11006.2,,,5,2302,133.1,21
2376,07-JUN-07,123,6,11006.2,,,10,2334,3.3,36
2377,07-JUN-07,141,5,38017.8,,,2,2302,147,119
2377,07-JUN-07,141,5,38017.8,,,3,2311,95,121
2377,07-JUN-07,141,5,38017.8,,,6,2330,1.1,136
2377,07-JUN-07,141,5,38017.8,,,4,2319,25,131
2377,07-JUN-07,141,5,38017.8,,,5,2326,1.1,132
2377,07-JUN-07,141,5,38017.8,,,1,2289,42,130
2378,24-MAY-07,142,5,25691.3,,,6,2424,217.8,15
2378,24-MAY-07,142,5,25691.3,,,3,2414,438.9,7
2378,24-MAY-07,142,5,25691.3,,,4,2417,27,11
2378,24-MAY-07,142,5,25691.3,,,8,2459,624.8,25
2378,24-MAY-07,142,5,25691.3,,,1,2403,113.3,20
2378,24-MAY-07,142,5,25691.3,,,2,2412,95,2
2378,24-MAY-07,142,5,25691.3,,,7,2457,4.4,25
2378,24-MAY-07,142,5,25691.3,,,5,2423,79,11
2379,16-MAY-07,146,8,17848.2,161,,2,3114,98,14
2379,16-MAY-07,146,8,17848.2,161,,1,3106,42,92
2379,16-MAY-07,146,8,17848.2,161,,3,3127,488.4,23
2379,16-MAY-07,146,8,17848.2,161,,5,3140,19,35
2379,16-MAY-07,146,8,17848.2,161,,4,3139,21,34
2380,16-MAY-07,143,3,27132.6,,,6,3140,20,30
2380,16-MAY-07,143,3,27132.6,,,3,3117,38,23
2380,16-MAY-07,143,3,27132.6,,,4,3127,488.4,24
2380,16-MAY-07,143,3,27132.6,,,5,3133,46,28
2380,16-MAY-07,143,3,27132.6,,,1,3106,42,26
2380,16-MAY-07,143,3,27132.6,,,2,3108,75,18
2380,16-MAY-07,143,3,27132.6,,,8,3150,17,33
2380,16-MAY-07,143,3,27132.6,,,13,3187,2.2,40
2380,16-MAY-07,143,3,27132.6,,,9,3155,45,33
2380,16-MAY-07,143,3,27132.6,,,10,3163,32,36
2380,16-MAY-07,143,3,27132.6,,,11,3167,52,37
2380,16-MAY-07,143,3,27132.6,,,7,3143,15,31
2380,16-MAY-07,143,3,27132.6,,,12,3176,113.3,40
2381,14-MAY-08,106,3,23034.6,156,,3,3133,44,44
2381,14-MAY-08,106,3,23034.6,156,,4,3139,20,45
2381,14-MAY-08,106,3,23034.6,156,,5,3143,15,48
2381,14-MAY-08,106,3,23034.6,156,,6,3163,35,55
2381,14-MAY-08,106,3,23034.6,156,,2,3124,77,44
2381,14-MAY-08,106,3,23034.6,156,,7,3176,113.3,62
2381,14-MAY-08,106,3,23034.6,156,,8,3183,47,63
2381,14-MAY-08,106,3,23034.6,156,,1,3117,38,110
2382,14-MAY-08,144,8,71173,,,6,3127,496,71
2382,14-MAY-08,144,8,71173,,,3,3114,100,65
2382,14-MAY-08,144,8,71173,,,4,3117,35,66
2382,14-MAY-08,144,8,71173,,,5,3123,79,71
2382,14-MAY-08,144,8,71173,,,1,3106,42,160
2382,14-MAY-08,144,8,71173,,,8,3139,21,79
2382,14-MAY-08,144,8,71173,,,10,3163,29,89
2382,14-MAY-08,144,8,71173,,,11,3165,37,92
2382,14-MAY-08,144,8,71173,,,9,3143,15,82
2382,14-MAY-08,144,8,71173,,,7,3129,42,76
2382,14-MAY-08,144,8,71173,,2,2,3110,43,64
2383,12-MAY-08,145,8,36374.7,,,4,2430,174,50
2383,12-MAY-08,145,8,36374.7,,,2,2418,56,45
2383,12-MAY-08,145,8,36374.7,,,3,2422,146,46
2383,12-MAY-08,145,8,36374.7,,,5,2439,115.5,54
2383,12-MAY-08,145,8,36374.7,,,7,2462,75,63
2383,12-MAY-08,145,8,36374.7,,,6,2457,4.4,62
2383,12-MAY-08,145,8,36374.7,,,1,2409,194.7,37
2384,12-MAY-08,146,3,29249.1,,,3,2316,21,58
2384,12-MAY-08,146,3,29249.1,,,1,2289,43,95
2384,12-MAY-08,146,3,29249.1,,,5,2330,1.1,61
2384,12-MAY-08,146,3,29249.1,,,6,2359,249,77
2384,12-MAY-08,146,3,29249.1,,,4,2322,22,59
2384,12-MAY-08,146,3,29249.1,,,2,2299,71,48
2385,08-DEC-07,147,4,295892,,,2,2302,133.1,87
2385,08-DEC-07,147,4,295892,,,1,2289,43,200
2385,08-DEC-07,147,4,295892,,,5,2335,91.3,106
2385,08-DEC-07,147,4,295892,,,6,2350,2341.9,109
2385,08-DEC-07,147,4,295892,,,4,2319,25,97
2385,08-DEC-07,147,4,295892,,,3,2311,86.9,96
2386,06-DEC-07,148,10,21116.9,,,3,2340,71,14
2386,06-DEC-07,148,10,21116.9,,,1,2330,1.1,7
2386,06-DEC-07,148,10,21116.9,,,2,2334,3.3,5
2386,06-DEC-07,148,10,21116.9,,,5,2370,90,28
2386,06-DEC-07,148,10,21116.9,,,7,2378,271.7,33
2386,06-DEC-07,148,10,21116.9,,,8,2394,116.6,36
2386,06-DEC-07,148,10,21116.9,,,4,2365,77,27
2386,06-DEC-07,148,10,21116.9,,,6,2375,73,32
2387,11-MAR-07,149,5,52758.9,,,1,2211,3.3,52
2387,11-MAR-07,149,5,52758.9,,,6,2268,75,42
2387,11-MAR-07,149,5,52758.9,,,3,2245,462,22
2387,11-MAR-07,149,5,52758.9,,,5,2253,354.2,32
2387,11-MAR-07,149,5,52758.9,,,2,2243,332.2,20
2387,11-MAR-07,149,5,52758.9,,,4,2252,788.7,27
2388,04-JUN-07,150,4,282694.3,,,3,2308,56,96
2388,04-JUN-07,150,4,282694.3,,,1,2289,43,150
2388,04-JUN-07,150,4,282694.3,,,4,2330,1.1,105
2388,04-JUN-07,150,4,282694.3,,,5,2350,2341.9,112
2388,04-JUN-07,150,4,282694.3,,,2,2293,94,90
2389,04-JUN-08,151,4,17620,,,3,3123,80,21
2389,04-JUN-08,151,4,17620,,,4,3129,46,22
2389,04-JUN-08,151,4,17620,,,1,3106,43,180
2389,04-JUN-08,151,4,17620,,,5,3143,15,30
2389,04-JUN-08,151,4,17620,,,7,3165,34,43
2389,04-JUN-08,151,4,17620,,,8,3167,52,47
2389,04-JUN-08,151,4,17620,,,6,3155,46,33
2389,04-JUN-08,151,4,17620,,,2,3112,73,18
2390,18-NOV-07,152,9,7616.8,,,1,1910,14,4
2390,18-NOV-07,152,9,7616.8,,,3,1948,470.8,16
2390,18-NOV-07,152,9,7616.8,,,2,1912,14,2
2391,27-FEB-06,153,2,48070.6,156,,5,1808,55,15
2391,27-FEB-06,153,2,48070.6,156,,6,1820,52,18
2391,27-FEB-06,153,2,48070.6,156,,3,1797,348,7
2391,27-FEB-06,153,2,48070.6,156,,7,1822,1433.3,23
2391,27-FEB-06,153,2,48070.6,156,,1,1787,101,5
2391,27-FEB-06,153,2,48070.6,156,,2,1791,262.9,3
2391,27-FEB-06,153,2,48070.6,156,,4,1799,961.4,10
2392,21-JUL-07,154,9,26632,161,,3,3117,38,58
2392,21-JUL-07,154,9,26632,161,,1,3106,43,63
2392,21-JUL-07,154,9,26632,161,,2,3112,73,57
2392,21-JUL-07,154,9,26632,161,,9,3165,40,81
2392,21-JUL-07,154,9,26632,161,,6,3139,21,68
2392,21-JUL-07,154,9,26632,161,,8,3155,49,77
2392,21-JUL-07,154,9,26632,161,,4,3124,77,63
2392,21-JUL-07,154,9,26632,161,,5,3133,45,66
2392,21-JUL-07,154,9,26632,161,,7,3150,18,72
2393,10-FEB-08,155,4,23431.9,161,,5,3077,260.7,8
2393,10-FEB-08,155,4,23431.9,161,,3,3064,1017,5
2393,10-FEB-08,155,4,23431.9,161,,4,3069,385,8
2393,10-FEB-08,155,4,23431.9,161,,1,3051,12,10
2393,10-FEB-08,155,4,23431.9,161,,2,3060,295,2
2393,10-FEB-08,155,4,23431.9,161,,8,3087,108.9,14
2393,10-FEB-08,155,4,23431.9,161,,9,3091,278,19
2393,10-FEB-08,155,4,23431.9,161,,10,3099,3.3,19
2393,10-FEB-08,155,4,23431.9,161,,6,3082,78,10
2393,10-FEB-08,155,4,23431.9,161,,7,3086,211,13
2393,10-FEB-08,155,4,23431.9,161,,11,3108,69.3,30
2394,10-FEB-08,109,5,21863,158,,5,3133,46,45
2394,10-FEB-08,109,5,21863,158,,3,3124,82,39
2394,10-FEB-08,109,5,21863,158,,4,3129,46,41
2394,10-FEB-08,109,5,21863,158,,1,3117,41,90
2394,10-FEB-08,109,5,21863,158,,7,3140,19,48
2394,10-FEB-08,109,5,21863,158,,9,3167,52,68
2394,10-FEB-08,109,5,21863,158,,8,3155,49,61
2394,10-FEB-08,109,5,21863,158,,6,3134,18,45
2394,10-FEB-08,109,5,21863,158,,2,3123,77,36
2395,02-FEB-06,156,3,68501,163,,1,2211,3.3,110
2395,02-FEB-06,156,3,68501,163,,5,2264,199.1,34
2395,02-FEB-06,156,3,68501,163,,6,2268,71,37
2395,02-FEB-06,156,3,68501,163,,3,2252,788.7,30
2395,02-FEB-06,156,3,68501,163,,4,2255,690.8,34
2395,02-FEB-06,156,3,68501,163,,2,2243,332.2,27
2395,02-FEB-06,156,3,68501,163,,7,2270,64,41
2396,02-FEB-06,147,8,34930,161,,2,3108,76,75
2396,02-FEB-06,147,8,34930,161,,3,3110,44,79
2396,02-FEB-06,147,8,34930,161,,4,3114,100,83
2396,02-FEB-06,147,8,34930,161,,6,3150,17,93
2396,02-FEB-06,147,8,34930,161,,7,3155,47,98
2396,02-FEB-06,147,8,34930,161,,8,3163,29,100
2396,02-FEB-06,147,8,34930,161,,5,3140,19,93
2396,02-FEB-06,147,8,34930,161,,1,3106,44,150
2397,19-NOV-07,102,1,42283.2,154,,2,2986,120,8
2397,19-NOV-07,102,1,42283.2,154,,4,3000,1696.2,16
2397,19-NOV-07,102,1,42283.2,154,,3,2999,880,16
2397,19-NOV-07,102,1,42283.2,154,,1,2976,52,2
2398,19-NOV-07,157,9,7110.3,163,,1,2471,482.9,5
2398,19-NOV-07,157,9,7110.3,163,,3,2594,9,27
2398,19-NOV-07,157,9,7110.3,163,,2,2537,193.6,23
2399,19-NOV-07,158,0,25270.3,161,,5,2308,56,17
2399,19-NOV-07,158,0,25270.3,161,,2,2293,94,12
2399,19-NOV-07,158,0,25270.3,161,,3,2299,76,15
2399,19-NOV-07,158,0,25270.3,161,,4,2302,149,17
2399,19-NOV-07,158,0,25270.3,161,,1,2289,44,120
2399,19-NOV-07,158,0,25270.3,161,,8,2326,1.1,27
2399,19-NOV-07,158,0,25270.3,161,,9,2330,1.1,28
2399,19-NOV-07,158,0,25270.3,161,,10,2335,100,33
2399,19-NOV-07,158,0,25270.3,161,,6,2311,86.9,20
2399,19-NOV-07,158,0,25270.3,161,,7,2316,22,24
2399,19-NOV-07,158,0,25270.3,161,,11,2359,226.6,38
2400,10-JUL-07,159,2,69286.4,161,,4,2999,880,16
2400,10-JUL-07,159,2,69286.4,161,,5,3003,2866.6,19
2400,10-JUL-07,159,2,69286.4,161,,1,2976,52,4
2400,10-JUL-07,159,2,69286.4,161,,2,2982,41,1
2400,10-JUL-07,159,2,69286.4,161,,3,2986,123,4
2401,10-JUL-07,160,3,969.2,163,,1,2492,41,4
2401,10-JUL-07,160,3,969.2,163,,2,2496,268.4,3
2402,02-JUL-07,161,8,600,154,,1,2536,75,8
2403,01-JUL-07,162,0,220,154,,1,2522,44,5
2404,01-JUL-07,163,6,510,158,,2,2808,0,37
2404,01-JUL-07,163,6,510,158,,1,2721,85,6
2405,01-JUL-07,164,5,1233,159,,1,2638,137,9
2406,29-JUN-07,148,8,2854.2,161,,3,2761,26,19
2406,29-JUN-07,148,8,2854.2,161,,1,2721,85,5
2406,29-JUN-07,148,8,2854.2,161,,2,2725,3.3,4
2406,29-JUN-07,148,8,2854.2,161,,4,2782,62,31
2407,29-JUN-07,165,9,2519,155,,1,2721,85,5
2407,29-JUN-07,165,9,2519,155,,3,2761,26,21
2407,29-JUN-07,165,9,2519,155,1,2,2752,86,18
2408,29-JUN-07,166,1,309,158,,2,2761,26,1
2408,29-JUN-07,166,1,309,158,,1,2751,61,3
2408,29-JUN-07,166,1,309,158,,3,2783,10,10
2409,29-JUN-07,167,2,48,154,,1,2810,6,8
2410,24-MAY-08,168,6,45175,156,,1,2976,46,10
2410,24-MAY-08,168,6,45175,156,,4,2995,68,8
2410,24-MAY-08,168,6,45175,156,,5,3003,2866.6,15
2410,24-MAY-08,168,6,45175,156,,6,3051,12,21
2410,24-MAY-08,168,6,45175,156,,2,2982,40,5
2410,24-MAY-08,168,6,45175,156,,3,2986,120,6
2411,24-MAY-07,169,8,15760.5,156,,12,3143,15,24
2411,24-MAY-07,169,8,15760.5,156,,11,3133,43,23
2411,24-MAY-07,169,8,15760.5,156,,5,3101,73,8
2411,24-MAY-07,169,8,15760.5,156,,6,3106,45,11
2411,24-MAY-07,169,8,15760.5,156,,2,3086,208,2
2411,24-MAY-07,169,8,15760.5,156,,1,3082,81,2
2411,24-MAY-07,169,8,15760.5,156,,3,3097,2.2,6
2411,24-MAY-07,169,8,15760.5,156,,4,3099,3.3,7
2411,24-MAY-07,169,8,15760.5,156,,9,3124,84,17
2411,24-MAY-07,169,8,15760.5,156,,7,3112,72,17
2411,24-MAY-07,169,8,15760.5,156,,10,3127,488.4,18
2411,24-MAY-07,169,8,15760.5,156,,8,3123,75,17
2412,29-MAR-06,170,9,66816,158,,7,3143,16,80
2412,29-MAR-06,170,9,66816,158,,6,3139,20,79
2412,29-MAR-06,170,9,66816,158,,5,3134,18,75
2412,29-MAR-06,170,9,66816,158,,4,3127,492,72
2412,29-MAR-06,170,9,66816,158,,3,3123,71.5,68
2412,29-MAR-06,170,9,66816,158,,2,3114,98,68
2412,29-MAR-06,170,9,66816,158,,9,3167,54,94
2412,29-MAR-06,170,9,66816,158,,1,3106,46,170
2412,29-MAR-06,170,9,66816,158,,8,3163,30,92
2413,29-MAR-08,101,5,48552,161,,3,3117,35,44
2413,29-MAR-08,101,5,48552,161,,5,3129,46,45
2413,29-MAR-08,101,5,48552,161,1,2,3112,75,40
2413,29-MAR-08,101,5,48552,161,,6,3155,47,62
2413,29-MAR-08,101,5,48552,161,,4,3127,492,44
2413,29-MAR-08,101,5,48552,161,,7,3163,30,66
2413,29-MAR-08,101,5,48552,161,,1,3108,77,200
2414,29-MAR-07,102,8,10794.6,153,,4,3234,39,11
2414,29-MAR-07,102,8,10794.6,153,,2,3216,30,7
2414,29-MAR-07,102,8,10794.6,153,,5,3246,212.3,18
2414,29-MAR-07,102,8,10794.6,153,,3,3220,41,9
2414,29-MAR-07,102,8,10794.6,153,,7,3260,50,24
2414,29-MAR-07,102,8,10794.6,153,,6,3253,206.8,23
2414,29-MAR-07,102,8,10794.6,153,,1,3208,1.1,8
2415,29-MAR-06,103,6,310,161,,1,2751,62,5
2416,29-MAR-07,104,6,384,160,,1,2870,4.4,10
2416,29-MAR-07,104,6,384,160,,2,2878,340,1
2417,20-MAR-07,105,5,1926.6,163,,2,2976,51,37
2417,20-MAR-07,105,5,1926.6,163,,1,2870,4.4,9
2418,20-MAR-04,106,4,5546.6,163,,1,3082,75,15
2418,20-MAR-04,106,4,5546.6,163,,2,3090,187,12
2418,20-MAR-04,106,4,5546.6,163,,6,3150,17,37
2418,20-MAR-04,106,4,5546.6,163,,4,3110,45,20
2418,20-MAR-04,106,4,5546.6,163,,5,3140,20,31
2418,20-MAR-04,106,4,5546.6,163,,3,3097,2.2,13
2419,20-MAR-07,107,3,31574,160,,1,3106,46,150
2419,20-MAR-07,107,3,31574,160,,2,3114,99,45
2419,20-MAR-07,107,3,31574,160,,3,3123,71.5,48
2419,20-MAR-07,107,3,31574,160,,4,3129,43,57
2419,20-MAR-07,107,3,31574,160,,9,3167,54,81
2419,20-MAR-07,107,3,31574,160,,6,3150,17,69
2419,20-MAR-07,107,3,31574,160,,7,3155,47,72
2419,20-MAR-07,107,3,31574,160,,8,3165,35,76
2419,20-MAR-07,107,3,31574,160,,5,3133,45,61
2420,13-MAR-07,108,2,29750,160,,5,3127,496,22
2420,13-MAR-07,108,2,29750,160,,1,3106,46,110
2420,13-MAR-07,108,2,29750,160,,2,3110,46,11
2420,13-MAR-07,108,2,29750,160,,3,3114,101,15
2420,13-MAR-07,108,2,29750,160,,10,3171,132,47
2420,13-MAR-07,108,2,29750,160,,6,3133,48,29
2420,13-MAR-07,108,2,29750,160,,7,3140,19,34
2420,13-MAR-07,108,2,29750,160,,8,3143,15,39
2420,13-MAR-07,108,2,29750,160,,9,3163,30,45
2420,13-MAR-07,108,2,29750,160,,4,3123,79,20
2421,12-MAR-07,109,1,72836,,,5,3123,80,168
2421,12-MAR-07,109,1,72836,,,1,3106,46,160
2421,12-MAR-07,109,1,72836,,,2,3108,78,160
2421,12-MAR-07,109,1,72836,,,3,3112,72,164
2421,12-MAR-07,109,1,72836,,,9,3155,43,185
2421,12-MAR-07,109,1,72836,,,6,3129,43,172
2421,12-MAR-07,109,1,72836,,,7,3143,15,176
2421,12-MAR-07,109,1,72836,,,8,3150,17,176
2421,12-MAR-07,109,1,72836,,,4,3117,41,165
2422,16-DEC-07,144,2,11188.5,153,,4,3127,496,9
2422,16-DEC-07,144,2,11188.5,153,,1,3106,46,18
2422,16-DEC-07,144,2,11188.5,153,,2,3117,41,5
2422,16-DEC-07,144,2,11188.5,153,,3,3123,71.5,5
2422,16-DEC-07,144,2,11188.5,153,,9,3167,54,39
2422,16-DEC-07,144,2,11188.5,153,,6,3150,17,25
2422,16-DEC-07,144,2,11188.5,153,,7,3155,43,29
2422,16-DEC-07,144,2,11188.5,153,,8,3163,30,35
2422,16-DEC-07,144,2,11188.5,153,,5,3133,46,11
2423,21-NOV-07,145,3,10367.7,160,1,1,3220,39,8
2423,21-NOV-07,145,3,10367.7,160,,2,3224,32,3
2423,21-NOV-07,145,3,10367.7,160,,3,3245,214.5,13
2423,21-NOV-07,145,3,10367.7,160,,7,3290,65,33
2423,21-NOV-07,145,3,10367.7,160,,5,3251,26,16
2423,21-NOV-07,145,3,10367.7,160,,6,3258,78,21
2423,21-NOV-07,145,3,10367.7,160,,4,3246,212.3,14
2424,21-NOV-07,146,4,13824,153,,1,3350,693,11
2424,21-NOV-07,146,4,13824,153,,3,3359,111,12
2424,21-NOV-07,146,4,13824,153,,2,3354,541,9
2425,16-NOV-06,147,5,1500.8,163,,1,3501,492.8,3
2425,16-NOV-06,147,5,1500.8,163,,3,3515,1.1,4
2425,16-NOV-06,147,5,1500.8,163,,2,3511,9,2
2426,17-NOV-06,148,6,7200,,,1,3193,2.2,6
2426,17-NOV-06,148,6,7200,,,2,3216,30,11
2426,17-NOV-06,148,6,7200,,,5,3252,25,29
2426,17-NOV-06,148,6,7200,,,4,3248,212.3,26
2426,17-NOV-06,148,6,7200,,,3,3234,34,18
2427,10-NOV-07,149,7,9055,163,,3,2457,4.4,6
2427,10-NOV-07,149,7,9055,163,,1,2430,173,12
2427,10-NOV-07,149,7,9055,163,,2,2439,121,1
2427,10-NOV-07,149,7,9055,163,,7,2522,40,22
2427,10-NOV-07,149,7,9055,163,,5,2470,76,6
2427,10-NOV-07,149,7,9055,163,,6,2496,268.4,19
2427,10-NOV-07,149,7,9055,163,,4,2464,66,6
2428,10-NOV-07,116,8,14685.8,,,6,3127,498,12
2428,10-NOV-07,116,8,14685.8,,,7,3133,48,12
2428,10-NOV-07,116,8,14685.8,,,8,3143,16,13
2428,10-NOV-07,116,8,14685.8,,,9,3150,17,16
2428,10-NOV-07,116,8,14685.8,,,10,3170,145.2,24
2428,10-NOV-07,116,8,14685.8,,,11,3173,86,28
2428,10-NOV-07,116,8,14685.8,,,1,3106,42,7
2428,10-NOV-07,116,8,14685.8,,,2,3108,76,1
2428,10-NOV-07,116,8,14685.8,,,3,3114,101,5
2428,10-NOV-07,116,8,14685.8,,,4,3117,41,6
2428,10-NOV-07,116,8,14685.8,,,5,3123,80,8
2429,10-NOV-07,117,9,50125,154,,6,3133,46,52
2429,10-NOV-07,117,9,50125,154,,7,3139,21,54
2429,10-NOV-07,117,9,50125,154,,8,3150,17,55
2429,10-NOV-07,117,9,50125,154,,9,3163,30,63
2429,10-NOV-07,117,9,50125,154,,10,3165,36,67
2429,10-NOV-07,117,9,50125,154,,1,3106,42,200
2429,10-NOV-07,117,9,50125,154,1,2,3108,76,40
2429,10-NOV-07,117,9,50125,154,,3,3110,45,43
2429,10-NOV-07,117,9,50125,154,,4,3123,79,46
2429,10-NOV-07,117,9,50125,154,,5,3127,497,49
2430,02-OCT-07,101,8,29669.9,159,,5,3501,492.8,43
2430,02-OCT-07,101,8,29669.9,159,,1,3350,693,6
2430,02-OCT-07,101,8,29669.9,159,,2,3353,454.3,5
2430,02-OCT-07,101,8,29669.9,159,,3,3359,111,10
2430,02-OCT-07,101,8,29669.9,159,,4,3362,94,10
2431,14-SEP-06,102,1,5610.6,163,,6,3129,44,11
2431,14-SEP-06,102,1,5610.6,163,,1,3097,2.2,3
2431,14-SEP-06,102,1,5610.6,163,,2,3106,48,1
2431,14-SEP-06,102,1,5610.6,163,,3,3114,101,3
2431,14-SEP-06,102,1,5610.6,163,,4,3117,41,7
2431,14-SEP-06,102,1,5610.6,163,,5,3127,498,9
2432,14-SEP-07,102,10,10523,163,,4,2999,880,11
2432,14-SEP-07,102,10,10523,163,,1,2976,49,3
2432,14-SEP-07,102,10,10523,163,,2,2982,43,2
2432,14-SEP-07,102,10,10523,163,,3,2986,122,5
2433,13-SEP-07,103,10,78,163,,1,1910,13,6
2434,13-SEP-07,149,8,268651.8,161,,2,2236,949.3,84
2434,13-SEP-07,149,8,268651.8,161,,3,2245,462,86
2434,13-SEP-07,149,8,268651.8,161,,4,2252,788.7,87
2434,13-SEP-07,149,8,268651.8,161,,5,2254,408.1,92
2434,13-SEP-07,149,8,268651.8,161,,6,2257,371.8,94
2434,13-SEP-07,149,8,268651.8,161,,7,2268,75,104
2434,13-SEP-07,149,8,268651.8,161,,1,2211,3.3,81
2435,02-SEP-07,144,6,62303,159,,4,2316,21,10
2435,02-SEP-07,144,6,62303,159,,5,2323,18,12
2435,02-SEP-07,144,6,62303,159,,6,2334,3.3,14
2435,02-SEP-07,144,6,62303,159,,7,2339,25,19
2435,02-SEP-07,144,6,62303,159,,8,2350,2341.9,24
2435,02-SEP-07,144,6,62303,159,,9,2365,75,33
2435,02-SEP-07,144,6,62303,159,,1,2289,48,35
2435,02-SEP-07,144,6,62303,159,,2,2299,75,4
2435,02-SEP-07,144,6,62303,159,,3,2311,86.9,8
2436,02-SEP-07,116,8,6394.8,161,,5,3245,214.5,16
2436,02-SEP-07,116,8,6394.8,161,,6,3250,27,18
2436,02-SEP-07,116,8,6394.8,161,,7,3256,36,18
2436,02-SEP-07,116,8,6394.8,161,,8,3290,63,24
2436,02-SEP-07,116,8,6394.8,161,,1,3208,1.1,8
2436,02-SEP-07,116,8,6394.8,161,,2,3209,13,2
2436,02-SEP-07,116,8,6394.8,161,,3,3216,30,3
2436,02-SEP-07,116,8,6394.8,161,,4,3224,32,6
2437,01-SEP-06,103,4,13550,163,,3,2457,4.4,17
2437,01-SEP-06,103,4,13550,163,,4,2462,76,19
2437,01-SEP-06,103,4,13550,163,,5,2464,64,21
2437,01-SEP-06,103,4,13550,163,,6,2496,268.4,35
2437,01-SEP-06,103,4,13550,163,,1,2423,83,8
2437,01-SEP-06,103,4,13550,163,,2,2430,157.3,4
2438,01-SEP-07,104,0,5451,154,,1,2995,69,3
2438,01-SEP-07,104,0,5451,154,,2,3000,1748,3
2439,31-AUG-07,105,1,22150.1,159,,1,1797,316.8,9
2439,31-AUG-07,105,1,22150.1,159,,2,1806,45,4
2439,31-AUG-07,105,1,22150.1,159,,3,1820,54,9
2439,31-AUG-07,105,1,22150.1,159,,4,1822,1433.3,13
2440,31-AUG-07,107,3,70576.9,156,,4,2311,86.9,7
2440,31-AUG-07,107,3,70576.9,156,,5,2322,23,10
2440,31-AUG-07,107,3,70576.9,156,,6,2330,1.1,13
2440,31-AUG-07,107,3,70576.9,156,,7,2334,3.3,15
2440,31-AUG-07,107,3,70576.9,156,,8,2337,270.6,19
2440,31-AUG-07,107,3,70576.9,156,,9,2339,25,23
2440,31-AUG-07,107,3,70576.9,156,,10,2350,2341.9,24
2440,31-AUG-07,107,3,70576.9,156,1,11,2359,226.6,28
2440,31-AUG-07,107,3,70576.9,156,1,1,2289,48,19
2440,31-AUG-07,107,3,70576.9,156,1,2,2293,98,2
2440,31-AUG-07,107,3,70576.9,156,1,3,2302,150,2
2441,01-AUG-08,106,5,2075.2,160,1,1,2536,80,9
2441,01-AUG-08,106,5,2075.2,160,1,2,2537,193.6,7
2442,27-JUL-06,107,9,52471.9,154,,6,2439,115.5,30
2442,27-JUL-06,107,9,52471.9,154,,7,2459,624.8,40
2442,27-JUL-06,107,9,52471.9,154,,8,2467,80,44
2442,27-JUL-06,107,9,52471.9,154,,1,2402,127,26
2442,27-JUL-06,107,9,52471.9,154,,2,2410,350.9,21
2442,27-JUL-06,107,9,52471.9,154,,3,2418,60,23
2442,27-JUL-06,107,9,52471.9,154,,4,2422,144,25
2442,27-JUL-06,107,9,52471.9,154,,5,2430,173,28
2443,27-JUL-06,108,0,3646,154,,4,3139,20,12
2443,27-JUL-06,108,0,3646,154,,5,3143,15,17
2443,27-JUL-06,108,0,3646,154,,6,3150,18,17
2443,27-JUL-06,108,0,3646,154,,7,3155,43,21
2443,27-JUL-06,108,0,3646,154,,8,3165,36,31
2443,27-JUL-06,108,0,3646,154,,1,3106,44,3
2443,27-JUL-06,108,0,3646,154,,2,3114,101,2
2443,27-JUL-06,108,0,3646,154,,3,3124,82,6
2444,27-JUL-07,109,1,77727.2,155,,6,3143,15,97
2444,27-JUL-07,109,1,77727.2,155,,7,3150,17,100
2444,27-JUL-07,109,1,77727.2,155,,8,3155,43,104
2444,27-JUL-07,109,1,77727.2,155,,9,3165,37,112
2444,27-JUL-07,109,1,77727.2,155,,10,3172,37,112
2444,27-JUL-07,109,1,77727.2,155,,11,3182,63,115
2444,27-JUL-07,109,1,77727.2,155,,1,3117,36,110
2444,27-JUL-07,109,1,77727.2,155,,2,3127,488.4,88
2444,27-JUL-07,109,1,77727.2,155,,3,3133,43,90
2444,27-JUL-07,109,1,77727.2,155,,4,3139,21,93
2444,27-JUL-07,109,1,77727.2,155,,5,3140,19,95
2445,27-JUL-06,144,8,5537.8,158,,3,2293,97,11
2445,27-JUL-06,144,8,5537.8,158,,4,2299,72,14
2445,27-JUL-06,144,8,5537.8,158,,5,2311,95,24
2445,27-JUL-06,144,8,5537.8,158,,6,2319,25,27
2445,27-JUL-06,144,8,5537.8,158,,7,2326,1.1,28
2445,27-JUL-06,144,8,5537.8,158,,1,2270,66,5
2445,27-JUL-06,144,8,5537.8,158,,2,2278,49,3
2446,27-JUL-07,117,8,103679.3,161,,2,2326,1.1,34
2446,27-JUL-07,117,8,103679.3,161,,3,2330,1.1,36
2446,27-JUL-07,117,8,103679.3,161,,4,2337,270.6,37
2446,27-JUL-07,117,8,103679.3,161,,5,2350,2341.9,39
2446,27-JUL-07,117,8,103679.3,161,,1,2289,48,47
2447,27-JUL-08,101,8,33893.6,161,,5,2293,97,34
2447,27-JUL-08,101,8,33893.6,161,,6,2299,76,35
2447,27-JUL-08,101,8,33893.6,161,,7,2302,133.1,37
2447,27-JUL-08,101,8,33893.6,161,,8,2308,54,40
2447,27-JUL-08,101,8,33893.6,161,,9,2311,93,44
2447,27-JUL-08,101,8,33893.6,161,,1,2264,199.1,29
2447,27-JUL-08,101,8,33893.6,161,,2,2266,297,23
2447,27-JUL-08,101,8,33893.6,161,,3,2272,121,24
2447,27-JUL-08,101,8,33893.6,161,,4,2278,50,25
2448,18-JUN-07,145,5,1388,158,,3,3133,42,11
2448,18-JUN-07,145,5,1388,158,,4,3134,17,14
2448,18-JUN-07,145,5,1388,158,,5,3139,20,15
2448,18-JUN-07,145,5,1388,158,,6,3143,16,16
2448,18-JUN-07,145,5,1388,158,,1,3106,44,3
2448,18-JUN-07,145,5,1388,158,,2,3114,99,0
2449,13-JUN-07,146,6,86,155,,1,2522,43,2
2450,11-APR-07,147,3,1636,159,,4,3216,29,11
2450,11-APR-07,147,3,1636,159,,5,3220,41,14
2450,11-APR-07,147,3,1636,159,,6,3224,32,16
2450,11-APR-07,147,3,1636,159,,1,3191,1.1,4
2450,11-APR-07,147,3,1636,159,,2,3193,2.2,3
2450,11-APR-07,147,3,1636,159,,3,3197,44,5
2451,17-DEC-07,148,7,10474.6,154,,2,1948,470.8,22
2451,17-DEC-07,148,7,10474.6,154,,1,1910,13,9
2452,06-OCT-07,149,5,12589,159,,2,3139,20,10
2452,06-OCT-07,149,5,12589,159,,3,3143,15,12
2452,06-OCT-07,149,5,12589,159,,4,3150,17,13
2452,06-OCT-07,149,5,12589,159,,5,3155,44,13
2452,06-OCT-07,149,5,12589,159,,6,3165,34,18
2452,06-OCT-07,149,5,12589,159,,7,3170,145.2,20
2452,06-OCT-07,149,5,12589,159,,8,3172,37,20
2452,06-OCT-07,149,5,12589,159,,9,3173,80,23
2452,06-OCT-07,149,5,12589,159,,1,3117,38,140
2453,04-OCT-07,116,0,129,153,,1,2492,43,3
2454,02-OCT-07,103,1,6653.4,154,,4,2308,55,12
2454,02-OCT-07,103,1,6653.4,154,,5,2316,21,13
2454,02-OCT-07,103,1,6653.4,154,,6,2323,18,16
2454,02-OCT-07,103,1,6653.4,154,,2,2293,99,0
2454,02-OCT-07,103,1,6653.4,154,,3,2299,71,3
2455,20-SEP-07,145,7,14087.5,160,,2,2496,268.4,32
2455,20-SEP-07,145,7,14087.5,160,,3,2536,75,54
2455,20-SEP-07,145,7,14087.5,160,,1,2471,482.9,3
2456,07-NOV-06,117,0,3878.4,163,,2,2537,193.6,19
2456,07-NOV-06,117,0,3878.4,163,,1,2522,40,5
2457,31-OCT-07,118,5,21586.2,159,,4,3150,17,27
2457,31-OCT-07,118,5,21586.2,159,,5,3155,44,32
2457,31-OCT-07,118,5,21586.2,159,,6,3170,145.2,42
2457,31-OCT-07,118,5,21586.2,159,,7,3172,36,45
2457,31-OCT-07,118,5,21586.2,159,,1,3108,72,36
2457,31-OCT-07,118,5,21586.2,159,,2,3123,79,14
2457,31-OCT-07,118,5,21586.2,159,,3,3127,488.4,17
2458,16-AUG-07,101,0,78279.6,153,1,5,3143,15,129
2458,16-AUG-07,101,0,78279.6,153,2,6,3163,32,142
2458,16-AUG-07,101,0,78279.6,153,,1,3117,38,140
2458,16-AUG-07,101,0,78279.6,153,,2,3123,79,112
2458,16-AUG-07,101,0,78279.6,153,1,3,3127,488.4,114
2458,16-AUG-07,101,0,78279.6,153,,4,3134,17,115
